<module rename-to="schedulingdialogs">

  <inherits name='com.google.gwt.user.User'/>
  <inherits name='com.google.gwt.xml.XML'/>
  <inherits name='com.google.gwt.i18n.I18N'/>
  <inherits name='com.google.gwt.gen2.Gen2'/>
  <inherits name='com.google.gwt.gen2.table.ScrollTable'/>
  <inherits name='com.google.gwt.gen2.table.FixedWidthTable'/>
  <inherits name='org.pentaho.gwt.widgets.Widgets'/>

  <inherits name='com.googlecode.gwtx.Java'/>

  <entry-point class='org.pentaho.mantle.client.dialogs.scheduling.NewScheduleDialogEntryPoint'/>

  <source path=""/>
</module>
