<?xml version="1.0" encoding="UTF-8"?>
<!DOCTYPE log4j:configuration SYSTEM "log4j.dtd">
<log4j:configuration xmlns:log4j="http://jakarta.apache.org/log4j/" debug="false">
  <appender name="consoleAppender" class="org.apache.log4j.ConsoleAppender">
    <layout class="org.apache.log4j.PatternLayout">
      <param name="ConversionPattern" value="%d %-5p  [%c{1}] %m %n" />
    </layout>
  </appender>
  <logger name="org.pentaho.metaverse" additivity="false">
    <level value="DEBUG" />
    <appender-ref ref="consoleAppender"/>
  </logger>
  <root>
    <priority value ="WARN" />
    <appender-ref ref="consoleAppender"/>
  </root>
</log4j:configuration>
