<?xml version="1.0" encoding="UTF-8"?>

<result-set>
  <!--java.lang.Integer,java.lang.String-->
  <row>
    <CUSTOMERS_CUSTOMERNUMBER>103</CUSTOMERS_CUSTOMERNUMBER>
    <CUSTOMERS_CUSTOMERNAME>Atelier graphique</CUSTOMERS_CUSTOMERNAME>
  </row>
  <row>
    <CUSTOMERS_CUSTOMERNUMBER>112</CUSTOMERS_CUSTOMERNUMBER>
    <CUSTOMERS_CUSTOMERNAME>Signal Gift Stores</CUSTOMERS_CUSTOMERNAME>
  </row>
  <row>
    <CUSTOMERS_CUSTOMERNUMBER>114</CUSTOMERS_CUSTOMERNUMBER>
    <CUSTOMERS_CUSTOMERNAME>Australian Collectors, Co.</CUSTOMERS_CUSTOMERNAME>
  </row>
  <row>
    <CUSTOMERS_CUSTOMERNUMBER>119</CUSTOMERS_CUSTOMERNUMBER>
    <CUSTOMERS_CUSTOMERNAME>La Rochelle Gifts</CUSTOMERS_CUSTOMERNAME>
  </row>
  <row>
    <CUSTOMERS_CUSTOMERNUMBER>121</CUSTOMERS_CUSTOMERNUMBER>
    <CUSTOMERS_CUSTOMERNAME>Baane Mini Imports</CUSTOMERS_CUSTOMERNAME>
  </row>
  <row>
    <CUSTOMERS_CUSTOMERNUMBER>124</CUSTOMERS_CUSTOMERNUMBER>
    <CUSTOMERS_CUSTOMERNAME>Mini Gifts Distributors Ltd.</CUSTOMERS_CUSTOMERNAME>
  </row>
  <row>
    <CUSTOMERS_CUSTOMERNUMBER>125</CUSTOMERS_CUSTOMERNUMBER>
    <CUSTOMERS_CUSTOMERNAME>Havel &amp; Zbyszek Co</CUSTOMERS_CUSTOMERNAME>
  </row>
  <row>
    <CUSTOMERS_CUSTOMERNUMBER>128</CUSTOMERS_CUSTOMERNUMBER>
    <CUSTOMERS_CUSTOMERNAME>Blauer See Auto, Co.</CUSTOMERS_CUSTOMERNAME>
  </row>
  <row>
    <CUSTOMERS_CUSTOMERNUMBER>129</CUSTOMERS_CUSTOMERNUMBER>
    <CUSTOMERS_CUSTOMERNAME>Mini Wheels Co.</CUSTOMERS_CUSTOMERNAME>
  </row>
  <row>
    <CUSTOMERS_CUSTOMERNUMBER>131</CUSTOMERS_CUSTOMERNUMBER>
    <CUSTOMERS_CUSTOMERNAME>Land of Toys Inc.</CUSTOMERS_CUSTOMERNAME>
  </row>
  <row>
    <CUSTOMERS_CUSTOMERNUMBER>141</CUSTOMERS_CUSTOMERNUMBER>
    <CUSTOMERS_CUSTOMERNAME>Euro+ Shopping Channel</CUSTOMERS_CUSTOMERNAME>
  </row>
  <row>
    <CUSTOMERS_CUSTOMERNUMBER>144</CUSTOMERS_CUSTOMERNUMBER>
    <CUSTOMERS_CUSTOMERNAME>Volvo Model Replicas, Co</CUSTOMERS_CUSTOMERNAME>
  </row>
  <row>
    <CUSTOMERS_CUSTOMERNUMBER>145</CUSTOMERS_CUSTOMERNUMBER>
    <CUSTOMERS_CUSTOMERNAME>Danish Wholesale Imports</CUSTOMERS_CUSTOMERNAME>
  </row>
  <row>
    <CUSTOMERS_CUSTOMERNUMBER>146</CUSTOMERS_CUSTOMERNUMBER>
    <CUSTOMERS_CUSTOMERNAME>Saveley &amp; Henriot, Co.</CUSTOMERS_CUSTOMERNAME>
  </row>
  <row>
    <CUSTOMERS_CUSTOMERNUMBER>148</CUSTOMERS_CUSTOMERNUMBER>
    <CUSTOMERS_CUSTOMERNAME>Dragon Souveniers, Ltd.</CUSTOMERS_CUSTOMERNAME>
  </row>
  <row>
    <CUSTOMERS_CUSTOMERNUMBER>151</CUSTOMERS_CUSTOMERNUMBER>
    <CUSTOMERS_CUSTOMERNAME>Muscle Machine Inc</CUSTOMERS_CUSTOMERNAME>
  </row>
  <row>
    <CUSTOMERS_CUSTOMERNUMBER>157</CUSTOMERS_CUSTOMERNUMBER>
    <CUSTOMERS_CUSTOMERNAME>Diecast Classics Inc.</CUSTOMERS_CUSTOMERNAME>
  </row>
  <row>
    <CUSTOMERS_CUSTOMERNUMBER>161</CUSTOMERS_CUSTOMERNUMBER>
    <CUSTOMERS_CUSTOMERNAME>Technics Stores Inc.</CUSTOMERS_CUSTOMERNAME>
  </row>
  <row>
    <CUSTOMERS_CUSTOMERNUMBER>166</CUSTOMERS_CUSTOMERNUMBER>
    <CUSTOMERS_CUSTOMERNAME>Handji Gifts&amp; Co</CUSTOMERS_CUSTOMERNAME>
  </row>
  <row>
    <CUSTOMERS_CUSTOMERNUMBER>167</CUSTOMERS_CUSTOMERNUMBER>
    <CUSTOMERS_CUSTOMERNAME>Herkku Gifts</CUSTOMERS_CUSTOMERNAME>
  </row>
  <row>
    <CUSTOMERS_CUSTOMERNUMBER>168</CUSTOMERS_CUSTOMERNUMBER>
    <CUSTOMERS_CUSTOMERNAME>American Souvenirs Inc</CUSTOMERS_CUSTOMERNAME>
  </row>
  <row>
    <CUSTOMERS_CUSTOMERNUMBER>169</CUSTOMERS_CUSTOMERNUMBER>
    <CUSTOMERS_CUSTOMERNAME>Porto Imports Co.</CUSTOMERS_CUSTOMERNAME>
  </row>
  <row>
    <CUSTOMERS_CUSTOMERNUMBER>171</CUSTOMERS_CUSTOMERNUMBER>
    <CUSTOMERS_CUSTOMERNAME>Daedalus Designs Imports</CUSTOMERS_CUSTOMERNAME>
  </row>
  <row>
    <CUSTOMERS_CUSTOMERNUMBER>172</CUSTOMERS_CUSTOMERNUMBER>
    <CUSTOMERS_CUSTOMERNAME>La Corne D'abondance, Co.</CUSTOMERS_CUSTOMERNAME>
  </row>
  <row>
    <CUSTOMERS_CUSTOMERNUMBER>173</CUSTOMERS_CUSTOMERNUMBER>
    <CUSTOMERS_CUSTOMERNAME>Cambridge Collectables Co.</CUSTOMERS_CUSTOMERNAME>
  </row>
  <row>
    <CUSTOMERS_CUSTOMERNUMBER>175</CUSTOMERS_CUSTOMERNUMBER>
    <CUSTOMERS_CUSTOMERNAME>Gift Depot Inc.</CUSTOMERS_CUSTOMERNAME>
  </row>
  <row>
    <CUSTOMERS_CUSTOMERNUMBER>177</CUSTOMERS_CUSTOMERNUMBER>
    <CUSTOMERS_CUSTOMERNAME>Osaka Souveniers Co.</CUSTOMERS_CUSTOMERNAME>
  </row>
  <row>
    <CUSTOMERS_CUSTOMERNUMBER>181</CUSTOMERS_CUSTOMERNUMBER>
    <CUSTOMERS_CUSTOMERNAME>Vitachrome Inc.</CUSTOMERS_CUSTOMERNAME>
  </row>
  <row>
    <CUSTOMERS_CUSTOMERNUMBER>186</CUSTOMERS_CUSTOMERNUMBER>
    <CUSTOMERS_CUSTOMERNAME>Toys of Finland, Co.</CUSTOMERS_CUSTOMERNAME>
  </row>
  <row>
    <CUSTOMERS_CUSTOMERNUMBER>187</CUSTOMERS_CUSTOMERNUMBER>
    <CUSTOMERS_CUSTOMERNAME>AV Stores, Co.</CUSTOMERS_CUSTOMERNAME>
  </row>
  <row>
    <CUSTOMERS_CUSTOMERNUMBER>189</CUSTOMERS_CUSTOMERNUMBER>
    <CUSTOMERS_CUSTOMERNAME>Clover Collections, Co.</CUSTOMERS_CUSTOMERNAME>
  </row>
  <row>
    <CUSTOMERS_CUSTOMERNUMBER>198</CUSTOMERS_CUSTOMERNUMBER>
    <CUSTOMERS_CUSTOMERNAME>Auto-Moto Classics Inc.</CUSTOMERS_CUSTOMERNAME>
  </row>
  <row>
    <CUSTOMERS_CUSTOMERNUMBER>201</CUSTOMERS_CUSTOMERNUMBER>
    <CUSTOMERS_CUSTOMERNAME>UK Collectables, Ltd.</CUSTOMERS_CUSTOMERNAME>
  </row>
  <row>
    <CUSTOMERS_CUSTOMERNUMBER>202</CUSTOMERS_CUSTOMERNUMBER>
    <CUSTOMERS_CUSTOMERNAME>Canadian Gift Exchange Network</CUSTOMERS_CUSTOMERNAME>
  </row>
  <row>
    <CUSTOMERS_CUSTOMERNUMBER>204</CUSTOMERS_CUSTOMERNUMBER>
    <CUSTOMERS_CUSTOMERNAME>Online Mini Collectables</CUSTOMERS_CUSTOMERNAME>
  </row>
  <row>
    <CUSTOMERS_CUSTOMERNUMBER>205</CUSTOMERS_CUSTOMERNUMBER>
    <CUSTOMERS_CUSTOMERNAME>Toys4GrownUps.com</CUSTOMERS_CUSTOMERNAME>
  </row>
  <row>
    <CUSTOMERS_CUSTOMERNUMBER>206</CUSTOMERS_CUSTOMERNUMBER>
    <CUSTOMERS_CUSTOMERNAME>Asian Shopping Network, Co</CUSTOMERS_CUSTOMERNAME>
  </row>
  <row>
    <CUSTOMERS_CUSTOMERNUMBER>209</CUSTOMERS_CUSTOMERNUMBER>
    <CUSTOMERS_CUSTOMERNAME>Mini Caravy</CUSTOMERS_CUSTOMERNAME>
  </row>
  <row>
    <CUSTOMERS_CUSTOMERNUMBER>211</CUSTOMERS_CUSTOMERNUMBER>
    <CUSTOMERS_CUSTOMERNAME>King Kong Collectables, Co.</CUSTOMERS_CUSTOMERNAME>
  </row>
  <row>
    <CUSTOMERS_CUSTOMERNUMBER>216</CUSTOMERS_CUSTOMERNUMBER>
    <CUSTOMERS_CUSTOMERNAME>Enaco Distributors</CUSTOMERS_CUSTOMERNAME>
  </row>
  <row>
    <CUSTOMERS_CUSTOMERNUMBER>219</CUSTOMERS_CUSTOMERNUMBER>
    <CUSTOMERS_CUSTOMERNAME>Boards &amp; Toys Co.</CUSTOMERS_CUSTOMERNAME>
  </row>
  <row>
    <CUSTOMERS_CUSTOMERNUMBER>223</CUSTOMERS_CUSTOMERNUMBER>
    <CUSTOMERS_CUSTOMERNAME>Nat&#xfc;rlich Autos</CUSTOMERS_CUSTOMERNAME>
  </row>
  <row>
    <CUSTOMERS_CUSTOMERNUMBER>227</CUSTOMERS_CUSTOMERNUMBER>
    <CUSTOMERS_CUSTOMERNAME>Heintze Collectables</CUSTOMERS_CUSTOMERNAME>
  </row>
  <row>
    <CUSTOMERS_CUSTOMERNUMBER>233</CUSTOMERS_CUSTOMERNUMBER>
    <CUSTOMERS_CUSTOMERNAME>Qu&#xe9;bec Home Shopping Network</CUSTOMERS_CUSTOMERNAME>
  </row>
  <row>
    <CUSTOMERS_CUSTOMERNUMBER>237</CUSTOMERS_CUSTOMERNUMBER>
    <CUSTOMERS_CUSTOMERNAME>ANG Resellers</CUSTOMERS_CUSTOMERNAME>
  </row>
  <row>
    <CUSTOMERS_CUSTOMERNUMBER>239</CUSTOMERS_CUSTOMERNUMBER>
    <CUSTOMERS_CUSTOMERNAME>Collectable Mini Designs Co.</CUSTOMERS_CUSTOMERNAME>
  </row>
  <row>
    <CUSTOMERS_CUSTOMERNUMBER>240</CUSTOMERS_CUSTOMERNUMBER>
    <CUSTOMERS_CUSTOMERNAME>giftsbymail.co.uk</CUSTOMERS_CUSTOMERNAME>
  </row>
  <row>
    <CUSTOMERS_CUSTOMERNUMBER>242</CUSTOMERS_CUSTOMERNUMBER>
    <CUSTOMERS_CUSTOMERNAME>Alpha Cognac</CUSTOMERS_CUSTOMERNAME>
  </row>
  <row>
    <CUSTOMERS_CUSTOMERNUMBER>247</CUSTOMERS_CUSTOMERNUMBER>
    <CUSTOMERS_CUSTOMERNAME>Messner Shopping Network</CUSTOMERS_CUSTOMERNAME>
  </row>
  <row>
    <CUSTOMERS_CUSTOMERNUMBER>249</CUSTOMERS_CUSTOMERNUMBER>
    <CUSTOMERS_CUSTOMERNAME>Amica Models &amp; Co.</CUSTOMERS_CUSTOMERNAME>
  </row>
  <row>
    <CUSTOMERS_CUSTOMERNUMBER>250</CUSTOMERS_CUSTOMERNUMBER>
    <CUSTOMERS_CUSTOMERNAME>Lyon Souveniers</CUSTOMERS_CUSTOMERNAME>
  </row>
  <row>
    <CUSTOMERS_CUSTOMERNUMBER>256</CUSTOMERS_CUSTOMERNUMBER>
    <CUSTOMERS_CUSTOMERNAME>Auto Associ&#xe9;s &amp; Cie.</CUSTOMERS_CUSTOMERNAME>
  </row>
  <row>
    <CUSTOMERS_CUSTOMERNUMBER>259</CUSTOMERS_CUSTOMERNUMBER>
    <CUSTOMERS_CUSTOMERNAME>Toms Spezialit&#xe4;ten, Ltd</CUSTOMERS_CUSTOMERNAME>
  </row>
  <row>
    <CUSTOMERS_CUSTOMERNUMBER>260</CUSTOMERS_CUSTOMERNUMBER>
    <CUSTOMERS_CUSTOMERNAME>Royal Canadian Collectables, Ltd.</CUSTOMERS_CUSTOMERNAME>
  </row>
  <row>
    <CUSTOMERS_CUSTOMERNUMBER>273</CUSTOMERS_CUSTOMERNUMBER>
    <CUSTOMERS_CUSTOMERNAME>Franken Gifts, Co</CUSTOMERS_CUSTOMERNAME>
  </row>
  <row>
    <CUSTOMERS_CUSTOMERNUMBER>276</CUSTOMERS_CUSTOMERNUMBER>
    <CUSTOMERS_CUSTOMERNAME>Anna's Decorations, Ltd</CUSTOMERS_CUSTOMERNAME>
  </row>
  <row>
    <CUSTOMERS_CUSTOMERNUMBER>278</CUSTOMERS_CUSTOMERNUMBER>
    <CUSTOMERS_CUSTOMERNAME>Rovelli Gifts</CUSTOMERS_CUSTOMERNAME>
  </row>
  <row>
    <CUSTOMERS_CUSTOMERNUMBER>282</CUSTOMERS_CUSTOMERNUMBER>
    <CUSTOMERS_CUSTOMERNAME>Souveniers And Things Co.</CUSTOMERS_CUSTOMERNAME>
  </row>
  <row>
    <CUSTOMERS_CUSTOMERNUMBER>286</CUSTOMERS_CUSTOMERNUMBER>
    <CUSTOMERS_CUSTOMERNAME>Marta's Replicas Co.</CUSTOMERS_CUSTOMERNAME>
  </row>
  <row>
    <CUSTOMERS_CUSTOMERNUMBER>293</CUSTOMERS_CUSTOMERNUMBER>
    <CUSTOMERS_CUSTOMERNAME>BG&amp;E Collectables</CUSTOMERS_CUSTOMERNAME>
  </row>
  <row>
    <CUSTOMERS_CUSTOMERNUMBER>298</CUSTOMERS_CUSTOMERNUMBER>
    <CUSTOMERS_CUSTOMERNAME>Vida Sport, Ltd</CUSTOMERS_CUSTOMERNAME>
  </row>
  <row>
    <CUSTOMERS_CUSTOMERNUMBER>299</CUSTOMERS_CUSTOMERNUMBER>
    <CUSTOMERS_CUSTOMERNAME>Norway Gifts By Mail, Co.</CUSTOMERS_CUSTOMERNAME>
  </row>
  <row>
    <CUSTOMERS_CUSTOMERNUMBER>303</CUSTOMERS_CUSTOMERNUMBER>
    <CUSTOMERS_CUSTOMERNAME>Schuyler Imports</CUSTOMERS_CUSTOMERNAME>
  </row>
  <row>
    <CUSTOMERS_CUSTOMERNUMBER>307</CUSTOMERS_CUSTOMERNUMBER>
    <CUSTOMERS_CUSTOMERNAME>Der Hund Imports</CUSTOMERS_CUSTOMERNAME>
  </row>
  <row>
    <CUSTOMERS_CUSTOMERNUMBER>311</CUSTOMERS_CUSTOMERNUMBER>
    <CUSTOMERS_CUSTOMERNAME>Oulu Toy Supplies, Inc.</CUSTOMERS_CUSTOMERNAME>
  </row>
  <row>
    <CUSTOMERS_CUSTOMERNUMBER>314</CUSTOMERS_CUSTOMERNUMBER>
    <CUSTOMERS_CUSTOMERNAME>Petit Auto</CUSTOMERS_CUSTOMERNAME>
  </row>
  <row>
    <CUSTOMERS_CUSTOMERNUMBER>319</CUSTOMERS_CUSTOMERNUMBER>
    <CUSTOMERS_CUSTOMERNAME>Mini Classics</CUSTOMERS_CUSTOMERNAME>
  </row>
  <row>
    <CUSTOMERS_CUSTOMERNUMBER>320</CUSTOMERS_CUSTOMERNUMBER>
    <CUSTOMERS_CUSTOMERNAME>Mini Creations Ltd.</CUSTOMERS_CUSTOMERNAME>
  </row>
  <row>
    <CUSTOMERS_CUSTOMERNUMBER>321</CUSTOMERS_CUSTOMERNUMBER>
    <CUSTOMERS_CUSTOMERNAME>Corporate Gift Ideas Co.</CUSTOMERS_CUSTOMERNAME>
  </row>
  <row>
    <CUSTOMERS_CUSTOMERNUMBER>323</CUSTOMERS_CUSTOMERNUMBER>
    <CUSTOMERS_CUSTOMERNAME>Down Under Souveniers, Inc</CUSTOMERS_CUSTOMERNAME>
  </row>
  <row>
    <CUSTOMERS_CUSTOMERNUMBER>324</CUSTOMERS_CUSTOMERNUMBER>
    <CUSTOMERS_CUSTOMERNAME>Stylish Desk Decors, Co.</CUSTOMERS_CUSTOMERNAME>
  </row>
  <row>
    <CUSTOMERS_CUSTOMERNUMBER>328</CUSTOMERS_CUSTOMERNUMBER>
    <CUSTOMERS_CUSTOMERNAME>Tekni Collectables Inc.</CUSTOMERS_CUSTOMERNAME>
  </row>
  <row>
    <CUSTOMERS_CUSTOMERNUMBER>333</CUSTOMERS_CUSTOMERNUMBER>
    <CUSTOMERS_CUSTOMERNAME>Australian Gift Network, Co</CUSTOMERS_CUSTOMERNAME>
  </row>
  <row>
    <CUSTOMERS_CUSTOMERNUMBER>334</CUSTOMERS_CUSTOMERNUMBER>
    <CUSTOMERS_CUSTOMERNAME>Suominen Souveniers</CUSTOMERS_CUSTOMERNAME>
  </row>
  <row>
    <CUSTOMERS_CUSTOMERNUMBER>335</CUSTOMERS_CUSTOMERNUMBER>
    <CUSTOMERS_CUSTOMERNAME>Cramer Spezialit&#xe4;ten, Ltd</CUSTOMERS_CUSTOMERNAME>
  </row>
  <row>
    <CUSTOMERS_CUSTOMERNUMBER>339</CUSTOMERS_CUSTOMERNUMBER>
    <CUSTOMERS_CUSTOMERNAME>Classic Gift Ideas, Inc</CUSTOMERS_CUSTOMERNAME>
  </row>
  <row>
    <CUSTOMERS_CUSTOMERNUMBER>344</CUSTOMERS_CUSTOMERNUMBER>
    <CUSTOMERS_CUSTOMERNAME>CAF Imports</CUSTOMERS_CUSTOMERNAME>
  </row>
  <row>
    <CUSTOMERS_CUSTOMERNUMBER>347</CUSTOMERS_CUSTOMERNUMBER>
    <CUSTOMERS_CUSTOMERNAME>Men 'R' US Retailers, Ltd.</CUSTOMERS_CUSTOMERNAME>
  </row>
  <row>
    <CUSTOMERS_CUSTOMERNUMBER>348</CUSTOMERS_CUSTOMERNUMBER>
    <CUSTOMERS_CUSTOMERNAME>Asian Treasures, Inc.</CUSTOMERS_CUSTOMERNAME>
  </row>
  <row>
    <CUSTOMERS_CUSTOMERNUMBER>350</CUSTOMERS_CUSTOMERNUMBER>
    <CUSTOMERS_CUSTOMERNAME>Marseille Mini Autos</CUSTOMERS_CUSTOMERNAME>
  </row>
  <row>
    <CUSTOMERS_CUSTOMERNUMBER>353</CUSTOMERS_CUSTOMERNUMBER>
    <CUSTOMERS_CUSTOMERNAME>Reims Collectables</CUSTOMERS_CUSTOMERNAME>
  </row>
  <row>
    <CUSTOMERS_CUSTOMERNUMBER>356</CUSTOMERS_CUSTOMERNUMBER>
    <CUSTOMERS_CUSTOMERNAME>SAR Distributors, Co</CUSTOMERS_CUSTOMERNAME>
  </row>
  <row>
    <CUSTOMERS_CUSTOMERNUMBER>357</CUSTOMERS_CUSTOMERNUMBER>
    <CUSTOMERS_CUSTOMERNAME>GiftsForHim.com</CUSTOMERS_CUSTOMERNAME>
  </row>
  <row>
    <CUSTOMERS_CUSTOMERNUMBER>361</CUSTOMERS_CUSTOMERNUMBER>
    <CUSTOMERS_CUSTOMERNAME>Kommission Auto</CUSTOMERS_CUSTOMERNAME>
  </row>
  <row>
    <CUSTOMERS_CUSTOMERNUMBER>362</CUSTOMERS_CUSTOMERNUMBER>
    <CUSTOMERS_CUSTOMERNAME>Gifts4AllAges.com</CUSTOMERS_CUSTOMERNAME>
  </row>
  <row>
    <CUSTOMERS_CUSTOMERNUMBER>363</CUSTOMERS_CUSTOMERNUMBER>
    <CUSTOMERS_CUSTOMERNAME>Online Diecast Creations Co.</CUSTOMERS_CUSTOMERNAME>
  </row>
  <row>
    <CUSTOMERS_CUSTOMERNUMBER>369</CUSTOMERS_CUSTOMERNUMBER>
    <CUSTOMERS_CUSTOMERNAME>Lisboa Souveniers, Inc</CUSTOMERS_CUSTOMERNAME>
  </row>
  <row>
    <CUSTOMERS_CUSTOMERNUMBER>376</CUSTOMERS_CUSTOMERNUMBER>
    <CUSTOMERS_CUSTOMERNAME>Precious Collectables</CUSTOMERS_CUSTOMERNAME>
  </row>
  <row>
    <CUSTOMERS_CUSTOMERNUMBER>379</CUSTOMERS_CUSTOMERNUMBER>
    <CUSTOMERS_CUSTOMERNAME>Collectables For Less Inc.</CUSTOMERS_CUSTOMERNAME>
  </row>
  <row>
    <CUSTOMERS_CUSTOMERNUMBER>381</CUSTOMERS_CUSTOMERNUMBER>
    <CUSTOMERS_CUSTOMERNAME>Royale Belge</CUSTOMERS_CUSTOMERNAME>
  </row>
  <row>
    <CUSTOMERS_CUSTOMERNUMBER>382</CUSTOMERS_CUSTOMERNUMBER>
    <CUSTOMERS_CUSTOMERNAME>Salzburg Collectables</CUSTOMERS_CUSTOMERNAME>
  </row>
  <row>
    <CUSTOMERS_CUSTOMERNUMBER>385</CUSTOMERS_CUSTOMERNUMBER>
    <CUSTOMERS_CUSTOMERNAME>Cruz &amp; Sons Co.</CUSTOMERS_CUSTOMERNAME>
  </row>
  <row>
    <CUSTOMERS_CUSTOMERNUMBER>386</CUSTOMERS_CUSTOMERNUMBER>
    <CUSTOMERS_CUSTOMERNAME>L'ordine Souveniers</CUSTOMERS_CUSTOMERNAME>
  </row>
  <row>
    <CUSTOMERS_CUSTOMERNUMBER>398</CUSTOMERS_CUSTOMERNUMBER>
    <CUSTOMERS_CUSTOMERNAME>Tokyo Collectables, Ltd</CUSTOMERS_CUSTOMERNAME>
  </row>
  <row>
    <CUSTOMERS_CUSTOMERNUMBER>406</CUSTOMERS_CUSTOMERNUMBER>
    <CUSTOMERS_CUSTOMERNAME>Auto Canal+ Petit</CUSTOMERS_CUSTOMERNAME>
  </row>
  <row>
    <CUSTOMERS_CUSTOMERNUMBER>409</CUSTOMERS_CUSTOMERNUMBER>
    <CUSTOMERS_CUSTOMERNAME>Stuttgart Collectable Exchange</CUSTOMERS_CUSTOMERNAME>
  </row>
  <row>
    <CUSTOMERS_CUSTOMERNUMBER>412</CUSTOMERS_CUSTOMERNUMBER>
    <CUSTOMERS_CUSTOMERNAME>Extreme Desk Decorations, Ltd</CUSTOMERS_CUSTOMERNAME>
  </row>
  <row>
    <CUSTOMERS_CUSTOMERNUMBER>415</CUSTOMERS_CUSTOMERNUMBER>
    <CUSTOMERS_CUSTOMERNAME>Bavarian Collectables Imports, Co.</CUSTOMERS_CUSTOMERNAME>
  </row>
  <row>
    <CUSTOMERS_CUSTOMERNUMBER>424</CUSTOMERS_CUSTOMERNUMBER>
    <CUSTOMERS_CUSTOMERNAME>Classic Legends Inc.</CUSTOMERS_CUSTOMERNAME>
  </row>
  <row>
    <CUSTOMERS_CUSTOMERNUMBER>443</CUSTOMERS_CUSTOMERNUMBER>
    <CUSTOMERS_CUSTOMERNAME>Feuer Online Stores, Inc</CUSTOMERS_CUSTOMERNAME>
  </row>
  <row>
    <CUSTOMERS_CUSTOMERNUMBER>447</CUSTOMERS_CUSTOMERNUMBER>
    <CUSTOMERS_CUSTOMERNAME>Gift Ideas Corp.</CUSTOMERS_CUSTOMERNAME>
  </row>
  <row>
    <CUSTOMERS_CUSTOMERNUMBER>448</CUSTOMERS_CUSTOMERNUMBER>
    <CUSTOMERS_CUSTOMERNAME>Scandinavian Gift Ideas</CUSTOMERS_CUSTOMERNAME>
  </row>
  <row>
    <CUSTOMERS_CUSTOMERNUMBER>450</CUSTOMERS_CUSTOMERNUMBER>
    <CUSTOMERS_CUSTOMERNAME>The Sharp Gifts Warehouse</CUSTOMERS_CUSTOMERNAME>
  </row>
  <row>
    <CUSTOMERS_CUSTOMERNUMBER>452</CUSTOMERS_CUSTOMERNUMBER>
    <CUSTOMERS_CUSTOMERNAME>Mini Auto Werke</CUSTOMERS_CUSTOMERNAME>
  </row>
  <row>
    <CUSTOMERS_CUSTOMERNUMBER>455</CUSTOMERS_CUSTOMERNUMBER>
    <CUSTOMERS_CUSTOMERNAME>Super Scale Inc.</CUSTOMERS_CUSTOMERNAME>
  </row>
  <row>
    <CUSTOMERS_CUSTOMERNUMBER>456</CUSTOMERS_CUSTOMERNUMBER>
    <CUSTOMERS_CUSTOMERNAME>Microscale Inc.</CUSTOMERS_CUSTOMERNAME>
  </row>
  <row>
    <CUSTOMERS_CUSTOMERNUMBER>458</CUSTOMERS_CUSTOMERNUMBER>
    <CUSTOMERS_CUSTOMERNAME>Corrida Auto Replicas, Ltd</CUSTOMERS_CUSTOMERNAME>
  </row>
  <row>
    <CUSTOMERS_CUSTOMERNUMBER>459</CUSTOMERS_CUSTOMERNUMBER>
    <CUSTOMERS_CUSTOMERNAME>Warburg Exchange</CUSTOMERS_CUSTOMERNAME>
  </row>
  <row>
    <CUSTOMERS_CUSTOMERNUMBER>462</CUSTOMERS_CUSTOMERNUMBER>
    <CUSTOMERS_CUSTOMERNAME>FunGiftIdeas.com</CUSTOMERS_CUSTOMERNAME>
  </row>
  <row>
    <CUSTOMERS_CUSTOMERNUMBER>465</CUSTOMERS_CUSTOMERNUMBER>
    <CUSTOMERS_CUSTOMERNAME>Anton Designs, Ltd.</CUSTOMERS_CUSTOMERNAME>
  </row>
  <row>
    <CUSTOMERS_CUSTOMERNUMBER>471</CUSTOMERS_CUSTOMERNUMBER>
    <CUSTOMERS_CUSTOMERNAME>Australian Collectables, Ltd</CUSTOMERS_CUSTOMERNAME>
  </row>
  <row>
    <CUSTOMERS_CUSTOMERNUMBER>473</CUSTOMERS_CUSTOMERNUMBER>
    <CUSTOMERS_CUSTOMERNAME>Frau da Collezione</CUSTOMERS_CUSTOMERNAME>
  </row>
  <row>
    <CUSTOMERS_CUSTOMERNUMBER>475</CUSTOMERS_CUSTOMERNUMBER>
    <CUSTOMERS_CUSTOMERNAME>West Coast Collectables Co.</CUSTOMERS_CUSTOMERNAME>
  </row>
  <row>
    <CUSTOMERS_CUSTOMERNUMBER>477</CUSTOMERS_CUSTOMERNUMBER>
    <CUSTOMERS_CUSTOMERNAME>Mit Vergn&#xFC;gen &amp; Co.</CUSTOMERS_CUSTOMERNAME>
  </row>
  <row>
    <CUSTOMERS_CUSTOMERNUMBER>480</CUSTOMERS_CUSTOMERNUMBER>
    <CUSTOMERS_CUSTOMERNAME>Kremlin Collectables, Co.</CUSTOMERS_CUSTOMERNAME>
  </row>
  <row>
    <CUSTOMERS_CUSTOMERNUMBER>481</CUSTOMERS_CUSTOMERNUMBER>
    <CUSTOMERS_CUSTOMERNAME>Raanan Stores, Inc</CUSTOMERS_CUSTOMERNAME>
  </row>
  <row>
    <CUSTOMERS_CUSTOMERNUMBER>484</CUSTOMERS_CUSTOMERNUMBER>
    <CUSTOMERS_CUSTOMERNAME>Iberia Gift Imports, Corp.</CUSTOMERS_CUSTOMERNAME>
  </row>
  <row>
    <CUSTOMERS_CUSTOMERNUMBER>486</CUSTOMERS_CUSTOMERNUMBER>
    <CUSTOMERS_CUSTOMERNAME>Motor Mint Distributors Inc.</CUSTOMERS_CUSTOMERNAME>
  </row>
  <row>
    <CUSTOMERS_CUSTOMERNUMBER>487</CUSTOMERS_CUSTOMERNUMBER>
    <CUSTOMERS_CUSTOMERNAME>Signal Collectibles Ltd.</CUSTOMERS_CUSTOMERNAME>
  </row>
  <row>
    <CUSTOMERS_CUSTOMERNUMBER>489</CUSTOMERS_CUSTOMERNUMBER>
    <CUSTOMERS_CUSTOMERNAME>Double Decker Gift Stores, Ltd</CUSTOMERS_CUSTOMERNAME>
  </row>
  <row>
    <CUSTOMERS_CUSTOMERNUMBER>495</CUSTOMERS_CUSTOMERNUMBER>
    <CUSTOMERS_CUSTOMERNAME>Diecast Collectables</CUSTOMERS_CUSTOMERNAME>
  </row>
  <row>
    <CUSTOMERS_CUSTOMERNUMBER>496</CUSTOMERS_CUSTOMERNUMBER>
    <CUSTOMERS_CUSTOMERNAME>Kelly's Gift Shop</CUSTOMERS_CUSTOMERNAME>
  </row>
</result-set>
