<chart xmlns="http://reporting.pentaho.org/namespaces/charting/1.0">
	
	<!-- Following is a series of incorrect data positions -->
	<series column-pos="-1"/>	<!-- This should not be in the hash -->
	<series column-pos="  0  "/>
	<series column-pos="  1  "/>
	<series column-pos="  2  "/>	
	<series column-pos="  20  "/> <!-- This should not be in the hash -->
	<series column-pos="  3  "/>
	<series column-pos="4"/>
	<series column-pos="5"/> <!-- This should not be in the hash -->
	
	
  <stylesheet>
    axis {
    color: #FFF000;
    font-family: sans-serif;
    }
    axis label {
    font-weight: bold;
    }
    axis[type="numeric"] {
    format: "#.00%";
    }
    axis[type="datetime"] {
    format: "MM/dd hh:mm a";
    }
    axis.myAxis {
    color: blue;
    font-family: "Comic Sans MS";
    }

  </stylesheet>
</chart>