<assembly xmlns="http://maven.apache.org/ASSEMBLY/2.0.0" xmlns:xsi="http://www.w3.org/2001/XMLSchema-instance"
          xsi:schemaLocation="http://maven.apache.org/ASSEMBLY/2.0.0 http://maven.apache.org/xsd/assembly-2.0.0.xsd">
  <id>static</id>
  <formats>
    <format>zip</format>
  </formats>
  <includeBaseDirectory>false</includeBaseDirectory>
  <fileSets>
    <!-- filtered resources -->
    <fileSet>
      <directory>${project.basedir}/src/main/resources-filtered</directory>
      <outputDirectory>.</outputDirectory>
      <filtered>true</filtered>
    </fileSet>
    <!-- .sh files that need execution permissions -->
    <fileSet>
      <directory>${project.basedir}/src/main/resources</directory>
      <outputDirectory>.</outputDirectory>
      <includes>
        <include>**/*.sh</include>
      </includes>
      <fileMode>0755</fileMode>
    </fileSet>
    <!-- the remaining static resources -->
    <fileSet>
      <directory>${project.basedir}/src/main/resources</directory>
      <outputDirectory>.</outputDirectory>
    </fileSet>
  </fileSets>
  <dependencySets>
    <!-- get the laf.properties file -->
    <dependencySet>
      <includes>
        <include>pentaho-kettle:kettle-ui-swt</include>
      </includes>
      <unpack>true</unpack>
      <unpackOptions>
        <includes>
          <include>ui/laf.properties</include>
        </includes>
      </unpackOptions>
      <outputDirectory>.</outputDirectory>
      <useTransitiveDependencies>false</useTransitiveDependencies>
      <useProjectArtifact>false</useProjectArtifact>
    </dependencySet>
  </dependencySets>
</assembly>