<!--
  ~ This library is free software; you can redistribute it and/or
  ~ modify it under the terms of the GNU Lesser General Public
  ~ License as published by the Free Software Foundation; either
  ~ version 2.1 of the License, or (at your option) any later version.
  ~
  ~ This library is distributed in the hope that it will be useful,
  ~ but WITHOUT ANY WARRANTY; without even the implied warranty of
  ~ MERCHANTABILITY or FITNESS FOR A PARTICULAR PURPOSE.  See the GNU
  ~ Lesser General Public License for more details.
  ~
  ~ You should have received a copy of the GNU Lesser General Public
  ~ License along with this library; if not, write to the Free Software
  ~ Foundation, Inc., 59 Temple Place, Suite 330, Boston, MA  02111-1307  USA
  ~
  ~ Copyright 2009 - 2017 Hitachi Vantara.  All rights reserved.
  -->

<module rename-to="GwtContactManager">

    <inherits name='com.google.gwt.user.User'/>
    <inherits name='com.googlecode.gwtx.Java'/>
    <inherits name='com.google.gwt.xml.XML'/>
    <inherits name="org.pentaho.gwt.widgets.Widgets"/>
    <inherits name="org.pentaho.gwt.widgets.themes.Themes"/>
    <inherits name="org.pentaho.ui.xul.Gwt"/>
    <source path="">
<!--  <exclude name="**/Swing*"/>
        <exclude name="**/Swt*"/>
 -->       
    </source>
    <public path="xul"/>
    <entry-point
            class="org.pentaho.barcamp.GwtContactManager"/>
            

</module>