<?xml version="1.0" encoding="UTF-8"?>
<blueprint xmlns="http://www.osgi.org/xmlns/blueprint/v1.0.0" xmlns:xsi="http://www.w3.org/2001/XMLSchema-instance"
           xmlns:cm="http://aries.apache.org/blueprint/xmlns/blueprint-cm/v1.1.0"
           xsi:schemaLocation="http://www.osgi.org/xmlns/blueprint/v1.0.0 http://www.osgi.org/xmlns/blueprint/v1.0.0/blueprint.xsd
  http://aries.apache.org/blueprint/xmlns/blueprint-cm/v1.1.0 http://aries.apache.org/schemas/blueprint-cm/blueprint-cm-1.1.0.xsd">


    <!-- START: Configuration -->
    <cm:property-placeholder persistent-id="org.pentaho.platform.pdi" update-strategy="reload"
                             placeholder-prefix="require(" placeholder-suffix=")">
        <cm:default-properties>
            <cm:property name="requireCfg.waitTime" value="30"/>
        </cm:default-properties>
    </cm:property-placeholder>

    <cm:property-placeholder persistent-id="org.apache.cxf.osgi" update-strategy="none"
                             placeholder-prefix="cxf(" placeholder-suffix=")">
        <cm:default-properties>
            <cm:property name="org.apache.cxf.servlet.context" value=""/>
        </cm:default-properties>
    </cm:property-placeholder>
    <!-- END: Configuration -->

    <bean id="WebContext" class="org.pentaho.platform.pdi.WebContextServlet">
        <property name="requireWaitTime" value="require(requireCfg.waitTime)"/>
        <property name="servicesRoot" value="cxf(org.apache.cxf.servlet.context)"/>
    </bean>

    <reference-list id="contextualExternalResources"
                    interface="org.pentaho.platform.api.engine.IPlatformWebResource"
                    member-type="service-object"
                    availability="optional">
        <reference-listener ref="WebContext" bind-method="addPlatformWebResource" unbind-method="removePlatformWebResource" />
    </reference-list>


    <service interface="javax.servlet.Servlet" id="webContext"
             ref="WebContext">
        <service-properties>
            <entry key="alias" value="/*"/>
            <entry key="servlet-name" value="webContext"/>
        </service-properties>
    </service>
    <service interface="javax.servlet.Servlet" id="i18nServlet">
        <service-properties>
            <entry key="alias" value="/i18n"/>
            <entry key="servlet-name" value="LocalizationServlet"/>
        </service-properties>
        <bean class="org.pentaho.platform.web.servlet.LocalizationServlet" />
    </service>

    <service auto-export="interfaces">
        <bean class="org.pentaho.platform.pdi.XmiToDatabaseMetaDatasourceService"/></service>

</blueprint>