<assembly xmlns="http://maven.apache.org/plugins/maven-assembly-plugin/assembly/1.1.3"
          xmlns:xsi="http://www.w3.org/2001/XMLSchema-instance"
          xsi:schemaLocation="http://maven.apache.org/plugins/maven-assembly-plugin/assembly/1.1.3 http://maven.apache.org/xsd/assembly-1.1.3.xsd">

  <id>pentaho-solutions-zip</id>

  <formats>
    <format>zip</format>
  </formats>

  <includeBaseDirectory>false</includeBaseDirectory>

  <fileSets>
    <fileSet>
      <directory>${basedir}/src/main/resources-filtered</directory>
      <outputDirectory>.</outputDirectory>
      <filtered>true</filtered>
    </fileSet>

    <fileSet>
      <directory>${basedir}/src/main/resources</directory>
      <outputDirectory>.</outputDirectory>
    </fileSet>

    <fileSet>
      <directory>${prepared.kettle.plugins.directory}</directory>
      <outputDirectory>pentaho-solutions/system/kettle/plugins</outputDirectory>
      <includes>
        <include>**</include>
      </includes>
    </fileSet>

    <fileSet>
      <directory>${prepared.samples.directory}/public/plugin-samples</directory>
      <outputDirectory>pentaho-solutions/plugin-samples</outputDirectory>
      <includes>
        <include>**</include>
      </includes>
    </fileSet>

    <fileSet>
      <directory>${prepared.plugins.directory}</directory>
      <outputDirectory>pentaho-solutions/system</outputDirectory>
      <includes>
        <include>**</include>
      </includes>
      <!-- we need to handle the karaf assembly as a special case (rename the folder from pentaho-karaf-assembly to karaf)-->
      <excludes>
        <exclude>pentaho-karaf-assembly/**</exclude>
      </excludes>
    </fileSet>

    <fileSet>
      <directory>${prepared.plugins.directory}/pentaho-karaf-assembly</directory>
      <outputDirectory>pentaho-solutions/system/karaf</outputDirectory>
      <includes>
        <include>**</include>
      </includes>
    </fileSet>
  </fileSets>

  <dependencySets>
    <dependencySet>
      <outputDirectory>pentaho-solutions/system/default-content</outputDirectory>
      <useTransitiveDependencies>false</useTransitiveDependencies>
      <useProjectArtifact>false</useProjectArtifact>
      <includes>
        <include>pentaho:pentaho-samples:zip</include>
      </includes>
      <outputFileNameMapping>samples.${artifact.extension}</outputFileNameMapping>
    </dependencySet>
    <dependencySet>
      <outputDirectory>pentaho-solutions/system/default-content</outputDirectory>
      <useTransitiveDependencies>false</useTransitiveDependencies>
      <useProjectArtifact>false</useProjectArtifact>
      <includes>
        <include>pentaho:pentaho-plugin-samples:zip</include>
      </includes>
      <outputFileNameMapping>plugin-samples.${artifact.extension}</outputFileNameMapping>
    </dependencySet>


  </dependencySets>
</assembly>