<?xml version="1.0" encoding="ISO-8859-1"?>
<additionalHeaders>
    <javadoc_style>
        <firstLine>/*! ******************************************************************************</firstLine>
        <beforeEachLine> * </beforeEachLine>
        <endLine> *
 ********************************************************************************/
</endLine>
        <firstLineDetectionPattern>(\s|\t)*/\*.*$</firstLineDetectionPattern>
        <lastLineDetectionPattern>.*\*/(\s|\t)*$</lastLineDetectionPattern>
        <allowBlankLines>false</allowBlankLines>
        <isMultiline>true</isMultiline>
        <padLines>false</padLines>
    </javadoc_style>
</additionalHeaders>
