<assembly xmlns="http://maven.apache.org/ASSEMBLY/2.0.0" xmlns:xsi="http://www.w3.org/2001/XMLSchema-instance"
          xsi:schemaLocation="http://maven.apache.org/ASSEMBLY/2.0.0 http://maven.apache.org/xsd/assembly-2.0.0.xsd">
  <id>client</id>
  <formats>
    <format>zip</format>
  </formats>
  <includeBaseDirectory>true</includeBaseDirectory>
  <baseDirectory>data-integration</baseDirectory>
  <fileSets>
    <!-- the staging dir -->
    <fileSet>
      <directory>${assembly.dir}</directory>
      <outputDirectory>.</outputDirectory>
    </fileSet>
  </fileSets>
  <dependencySets>
    <!-- pdi components -->
    <dependencySet>
      <includes>
        <include>org.pentaho.di:pdi-static:zip</include>
        <include>org.pentaho.di:pdi-samples:zip</include>
        <include>org.pentaho.di:pdi-libs:zip</include>
        <include>org.pentaho.di:pdi-plugins:zip</include>
      </includes>
      <unpack>true</unpack>
      <outputDirectory>.</outputDirectory>
      <useTransitiveDependencies>false</useTransitiveDependencies>
      <useProjectArtifact>false</useProjectArtifact>
    </dependencySet>
    <!-- swt -->
    <dependencySet>
      <includes>
        <include>org.eclipse.swt:*.linux.x86</include>
      </includes>
      <outputDirectory>libswt/linux/x86</outputDirectory>
      <outputFileNameMapping>swt.jar</outputFileNameMapping>
      <useTransitiveDependencies>false</useTransitiveDependencies>
      <useProjectArtifact>false</useProjectArtifact>
    </dependencySet>
    <dependencySet>
      <includes>
        <include>org.eclipse.swt:*.linux.x86_64</include>
      </includes>
      <outputDirectory>libswt/linux/x86_64</outputDirectory>
      <outputFileNameMapping>swt.jar</outputFileNameMapping>
      <useTransitiveDependencies>false</useTransitiveDependencies>
      <useProjectArtifact>false</useProjectArtifact>
    </dependencySet>
    <dependencySet>
      <includes>
        <include>org.eclipse.swt:*.win32.x86</include>
      </includes>
      <outputDirectory>libswt/win32</outputDirectory>
      <outputFileNameMapping>swt.jar</outputFileNameMapping>
      <useTransitiveDependencies>false</useTransitiveDependencies>
      <useProjectArtifact>false</useProjectArtifact>
    </dependencySet>
    <dependencySet>
      <includes>
        <include>org.eclipse.swt:*.win32.x86_64</include>
      </includes>
      <outputDirectory>libswt/win64</outputDirectory>
      <outputFileNameMapping>swt.jar</outputFileNameMapping>
      <useTransitiveDependencies>false</useTransitiveDependencies>
      <useProjectArtifact>false</useProjectArtifact>
    </dependencySet>
    <dependencySet>
      <includes>
        <include>org.eclipse.swt:*.macosx.x86_64</include>
      </includes>
      <outputDirectory>libswt/osx64</outputDirectory>
      <outputFileNameMapping>swt.jar</outputFileNameMapping>
      <useTransitiveDependencies>false</useTransitiveDependencies>
      <useProjectArtifact>false</useProjectArtifact>
    </dependencySet>
    <!-- licenses -->
    <dependencySet>
      <includes>
        <include>pentaho:oss-licenses:zip</include>
      </includes>
      <unpack>true</unpack>
      <unpackOptions>
        <includes>
          <include>PentahoDataIntegration_OSS_Licenses.html</include>
        </includes>
      </unpackOptions>
      <outputDirectory>.</outputDirectory>
      <useTransitiveDependencies>false</useTransitiveDependencies>
      <useProjectArtifact>false</useProjectArtifact>
    </dependencySet>
    <!-- jdbc drivers -->
    <dependencySet>
      <includes>
        <include>pentaho:pdi-dataservice-driver-bundle:zip</include>
      </includes>
      <outputDirectory>Data Service JDBC Driver</outputDirectory>
      <useTransitiveDependencies>false</useTransitiveDependencies>
      <useProjectArtifact>false</useProjectArtifact>
      <outputFileNameMapping>${artifact.artifactId}-${artifact.baseVersion}.${artifact.extension}</outputFileNameMapping>
    </dependencySet>
    <!-- application launcher -->
    <dependencySet>
      <includes>
        <include>pentaho:pentaho-application-launcher</include>
      </includes>
      <outputDirectory>launcher</outputDirectory>
      <useTransitiveDependencies>false</useTransitiveDependencies>
      <useProjectArtifact>false</useProjectArtifact>
      <outputFileNameMapping>launcher.jar</outputFileNameMapping>
    </dependencySet>
  </dependencySets>
</assembly>