<module>
    <inherits name="com.google.gwt.user.User"/>
    <inherits name="com.google.gwt.xml.XML"/>
   	<inherits name="org.pentaho.gwt.widgets.Widgets"/>
    <inherits name='com.googlecode.gwtx.Java'/>
    <inherits name='org.pentaho.ui.Xul'/>
  <inherits name="org.pentaho.gwt.widgets.Widgets"/>
    <inherits name="com.google.gwt.gen2.table.Table"/>
    <inherits name="com.google.gwt.gen2.table.Table"/>

    <source path="gwt">
      <exclude name="**/service/XulLoaderServlet*"/>
      <exclude name="**/generators/*"/>
    </source>
    <generate-with class="org.pentaho.ui.xul.gwt.generators.TypeControllerGenerator" > 
        <when-type-assignable class="org.pentaho.ui.xul.gwt.binding.TypeController"/> 
    </generate-with>
    <stylesheet src="xul.css"/>
 </module>