<!--
  ~ This program is free software; you can redistribute it and/or modify it under the
  ~ terms of the GNU Lesser General Public License, version 2.1 as published by the Free Software
  ~ Foundation.
  ~
  ~ You should have received a copy of the GNU Lesser General Public License along with this
  ~ program; if not, you can obtain a copy at http://www.gnu.org/licenses/old-licenses/lgpl-2.1.html
  ~ or from the Free Software Foundation, Inc.,
  ~ 51 Franklin Street, Fifth Floor, Boston, MA 02110-1301 USA.
  ~
  ~ This program is distributed in the hope that it will be useful, but WITHOUT ANY WARRANTY;
  ~ without even the implied warranty of MERCHANTABILITY or FITNESS FOR A PARTICULAR PURPOSE.
  ~ See the GNU Lesser General Public License for more details.
  ~
  ~ Copyright 2015 - 2018 Hitachi Vantara. All rights reserved.
  -->

<assembly>
  <id>package</id>

  <formats>
    <format>zip</format>
  </formats>

  <baseDirectory>pdi-dataservice-client</baseDirectory>
  <fileSets>
    <fileSet>
      <directory>${project.basedir}</directory>
      <includes>
        <include>README.txt</include>
      </includes>
    </fileSet>
  </fileSets>

  <dependencySets>
    <dependencySet>
      <useTransitiveDependencies>true</useTransitiveDependencies>
      <includes>
        <include>pentaho-kettle:kettle-core:jar:*</include>
        <include>pentaho-kettle:kettle-engine:jar:*</include>
        <include>pentaho:pdi-dataservice-client-plugin:jar:*</include>
        <include>pentaho:pdi-dataservice-client-plugin-api:jar:*</include>
        <include>org.apache.commons:commons-vfs2:*</include>
        <include>commons-codec:commons-codec:*</include>
        <include>commons-lang:commons-lang:*</include>
        <include>commons-logging:commons-logging:*</include>
        <include>org.apache.httpcomponents:httpclient:*</include>
        <include>org.apache.httpcomponents:httpcore:*</include>
        <include>net.sf.scannotation:scannotation:*</include>
        <include>log4j:log4j:jar:*</include>
        <include>javassist:javassist:*</include>
        <include>com.google.guava:guava:*</include>
      </includes>
      <excludes>
      </excludes>
      <unpack>false</unpack>
      <scope>runtime</scope>
      <useProjectArtifact>true</useProjectArtifact>
    </dependencySet>
  </dependencySets>
</assembly>

