<?xml version="1.0" encoding="UTF-8"?>

<!-- 
This is the spring configuration file that is used to wire administration tasks into the Pentaho
BI Platform. These administration tasks are accessable from the Pentaho Administration console.
-->
<beans xmlns="http://www.springframework.org/schema/beans" xmlns:xsi="http://www.w3.org/2001/XMLSchema-instance"

xsi:schemaLocation="http://www.springframework.org/schema/beans http://www.springframework.org/schema/beans/spring-beans-4.3.xsd" default-lazy-init="true">
	<bean id="administrationPluginsList" class="java.util.ArrayList">
		<constructor-arg>
			<list>
				<bean class="org.pentaho.platform.plugin.services.pluginmgr.PluginAdapter"/>
				<bean class="org.pentaho.platform.engine.services.solution.SolutionPublisher"/>
				<bean class="org.pentaho.platform.engine.core.system.SettingsPublisher"/>
				<bean class="org.pentaho.platform.engine.core.system.GlobalListsPublisher"/>
				<bean class="org.pentaho.platform.engine.services.metadata.MetadataPublisher"/>
			</list>
		</constructor-arg>
	</bean>
</beans>
