<?xml version="1.0" encoding="UTF-8"?>
<blueprint xmlns="http://www.osgi.org/xmlns/blueprint/v1.0.0" xmlns:xsi="http://www.w3.org/2001/XMLSchema-instance"
           xmlns:cm="http://aries.apache.org/blueprint/xmlns/blueprint-cm/v1.1.0"
           xsi:schemaLocation="http://www.osgi.org/xmlns/blueprint/v1.0.0
           http://www.osgi.org/xmlns/blueprint/v1.0.0/blueprint.xsd">

  <!-- START: Configuration -->
  <cm:property-placeholder persistent-id="org.pentaho.osgi.platform.webjars" update-strategy="none">
    <cm:default-properties>
      <cm:property name="webjars.minification.enabled" value="true"/>
    </cm:default-properties>
  </cm:property-placeholder>
  <!-- END: Configuration -->

  <bean id="webjarsDeploymentListener" class="org.pentaho.osgi.platform.webjars.PentahoWebjarsTransformer" />

  <service ref="webjarsDeploymentListener" auto-export="interfaces" />

  <service id="webjarsURLHandler" interface="org.osgi.service.url.URLStreamHandlerService">
    <service-properties>
      <entry key="url.handler.protocol" value="pentaho-webjars" />
    </service-properties>

    <bean class="org.pentaho.osgi.platform.webjars.WebjarsUrlHandler">
      <argument value="${webjars.minification.enabled}"/>
    </bean>
  </service>

</blueprint>
