<?xml version="1.0" encoding="UTF-8"?>
<pentaho-system>

	<!--
 		The kiosk-mode setting when set to true, will cause the platform to ignore some aspects of security 
 		to allow/enable behavior.  For example,	disable saving in WAQR.
	-->
	<kiosk-mode>false</kiosk-mode>

	<!--
	    The number of seconds to wait before giving up on loading a script module. The default value is 30 seconds.
	-->
	<waitSeconds>30</waitSeconds>

    <!--
    The login-show-users-list setting when set to true, will show a drop-down list of the default 
    sample pentaho users (admin,suzy,pat,tiffany) in the login dialog which is shown when a user attemps
    to login to the Pentaho User Console (PUC).
    -->
    <login-show-users-list>true</login-show-users-list> 
        
    <!-- 
      If true, show hint about sample users. Ultimately, should replace login-show-users-list.
    -->
    <login-show-sample-users-hint>true</login-show-sample-users-hint>
        
    <!--
	This is the URL to the user guide
    -->
    <documentation-url>${doc.base.url}/Products/User_Console</documentation-url>

	<log-file>server.log</log-file>
	<log-level>DEBUG</log-level>

	<!--
	    cors-requests-allowed:
	      Flag indicating if cross-origin requests are allowed or not.
	      accepted values are: true | false
	-->
	<cors-requests-allowed>false</cors-requests-allowed>

	<!--
		cors-requests-allowed-domains:
		  Comma separated list of domains allowed to do cross-origin requests to the server.

		Example:
		  http://domainA.com, http://localhost:1337

	-->
	<cors-requests-allowed-domains><!-- allowed domains here --></cors-requests-allowed-domains>

	<!--
		The configuration of publishers, system listeners, and session actions has been moved to
		the systemListeners.xml, adminPlugins.xml, and sessionStartupActions.xml files which 
		can be found in the "system" folder within your configured pentaho solution directory.
	
		If you're looking for the objects node, this functionality
		has been moved to the file pentahoObjects.spring.xml in the
		system solution.
		
		When everything is completed, this file will go away, and
		not be at all required by the bi-platform-engine classes.
		Rather, the wiring of the components/engines/system will
		be able to be implemented by many different wiring schemes.
		As a bare minimum, we'll have examples of system wiring using
			Spring injection
			Hand coded wiring
			properties-file wiring
		
		This new system will allow for optimized wiring without requiring
		the PentahoSystem, SystemSettings, or any components to parse
		or interpret an XML document.
	-->

        <cache-provider>
          <class>net.sf.ehcache.hibernate.SingletonEhCacheProvider</class>
          <region>pentahoCache</region>
          <!--
          Uncomment this block to specify some parameters for your cache provider. EHCache has no parameters 
          other than what are provided in the ehcache.xml.
          <properties>
              <property name="someProperty">someValue</property>
          </properties>
          -->
        </cache-provider>
	<!-- Insert additional pentaho-system -->
	
    <audit>
      <auditLogFile>/PentahoAuditLog.log</auditLogFile>
      <id_separator><![CDATA[\t]]></id_separator>
      <auditDateFormat>yyyy/MM/dd k:mm:ss</auditDateFormat>
    </audit>

	<solution-repository>
		<!-- Insert solution-repository -->
		<cache-size>0</cache-size>
	</solution-repository>

    <default-parameter-xsl>DefaultParameterForm.xsl</default-parameter-xsl>

    <!-- The following tag turns on/off solution file caching for the filebased
         solution repository.  Leave commented out if developing xactions so you
         won't have to do an Admin->Refresh solution repository to see changes to
         .xactions.  Uncomment if in production for better performance.
    -->
    <!-- 
        <filebased-solution-cache>true</filebased-solution-cache>
     -->

<!-- Un-comment and fill in license key for using flash charting - http://www.maani.us/
    <FlashChart>
        <ChartLicense>XXXXXXXXXXXXXXXXXXXXXXXXXXXXXX</ChartLicense>
        <GaugeLicense>XXXXXXXXXXXXXXXXXXXXXXXXXXXXXX</GaugeLicense>
    </FlashChart>
-->
	<!--
	This element, and any of its child elements are optional. These elements are used to explicitly identify
	the xml transformer, sax parser, and dom parser implementations used by the platform. If any of these
	elements are missing, default implementations will be supplied. For more information, see: 
	http://xml.apache.org/xalan-j/usagepatterns.html#plug
	-->
		<!--
	<xml-factories>
		<factory-impl name="javax.xml.parsers.SAXParserFactory" implementation="org.apache.xerces.jaxp.SAXParserFactoryImpl"/>
		<factory-impl name="javax.xml.transform.TransformerFactory" implementation="org.apache.xalan.processor.TransformerFactoryImpl"/>
		<factory-impl name="javax.xml.parsers.DocumentBuilderFactory" implementation="org.apache.xerces.jaxp.DocumentBuilderFactoryImpl"/>
	</xml-factories>
		-->
		
  <report-config>
    <entry name="org.pentaho.web.JcrContentHandler" value="api/repo/files/{0}/inline"/>
    <entry name="org.pentaho.web.ContentHandler" value="getImage?image={0}"/>
    <entry name="org.jfree.base.LogLevel" value="Warn"/>
    <entry name="org.jfree.base.LogTarget" value="org.jfree.logger.log4j.Log4JLogTarget"/>
    <entry name="org.jfree.report.NoPrinterAvailable" value="true"/>
    <entry name="org.jfree.report.modules.output.table.html.EmptyCellsUseCSS" value="true"/>
  </report-config>
  <sampledata-datasource>
	  <name>SampleData</name>
	  <host>localhost</host>
	  <type>Hypersonic</type>
	  <port>9001</port>
	  <access>NATIVE</access>
	  <username>pentaho_user</username>
	  <password>password</password>
	  <max-active>20</max-active>
	  <max-idle>5</max-idle>
	  <max-wait>1000</max-wait>
	  <query>select count(*) from INFORMATION_SCHEMA.SYSTEM_SEQUENCES</query>
  </sampledata-datasource>
  <dbcp-defaults>
	  <max-act-conn>20</max-act-conn>
	  <max-idle-conn>2</max-idle-conn>
	  <min-idle-conn>1</min-idle-conn>
	  <num-idle-conn>5</num-idle-conn>
	  <when-exhausted-action>1</when-exhausted-action>
	  <wait>100</wait>
	  <test-while-idle>false</test-while-idle>
	  <test-on-borrow>true</test-on-borrow>
	  <test-on-return>false</test-on-return>
	  <pre-populate-pool>false</pre-populate-pool>
   </dbcp-defaults>
   <file-upload-defaults>
   		<relative-path>/system/metadata/csvfiles/</relative-path>

      <!-- max-file-limit is the maximum file size, in bytes, to allow to be uploaded to the server -->
      <max-file-limit>10000000</max-file-limit>

      <!-- max-folder-limit is the maximum combined size of all files in the upload folder, in bytes. -->
   		<max-folder-limit>500000000</max-folder-limit>

   </file-upload-defaults>
  <default-theme>ruby</default-theme>
  <session-expired-dialog>true</session-expired-dialog>
</pentaho-system>
