<?xml version="1.0" encoding="UTF-8"?>
<!-- 
This is a Spring file that defines how Pentaho system objects are created and managed.  
An implementation of IPentahoObjectFactory, such as WebSpringPentahoObjectFactory, is 
responsible for serving objects to callers based on this file.

Possible values for scope attribute:
*singleton* - each request for this object returns the same instance
*prototype* - each request for this object returns a new instance
*session* - each request for this object within a session returns the same instance

default-lazy-init is set to true since some of these object make calls into 
PentahoSystem which is initialized after Spring
 -->
<beans xmlns="http://www.springframework.org/schema/beans" xmlns:xsi="http://www.w3.org/2001/XMLSchema-instance"
  xsi:schemaLocation="http://www.springframework.org/schema/beans http://www.springframework.org/schema/beans/spring-beans-2.0.xsd"
  default-lazy-init="true">
  
  <bean id="ISolutionEngine" class="com.pentaho.core.solution.ProSolutionEngine" scope="prototype" />
  <!-- Uncomment the following line to use a filesystem-based repository. Note: does not support ACLs.  -->
  <!--  <bean id="ISolutionRepository" class="org.pentaho.platform.repository.solution.filebased.FileBasedSolutionRepository" scope="session" />-->
  <!-- Uncomment the following line to use a filesystem/db-based repository with meta information stored in a db  -->
  <!-- bean id="ISolutionRepository" class="org.pentaho.platform.repository.solution.dbbased.ExtensionDbBasedSolutionRepository" scope="session" / -->
  <bean id="ISolutionRepository" class="org.pentaho.platform.repository.solution.filebased.ExtensionFileBasedSolutionRepository" scope="singleton" />
  <bean id="IAuditEntry" class="org.pentaho.platform.engine.core.audit.AuditFileEntry" scope="singleton" />
  <bean id="IAclVoter" class="org.pentaho.platform.engine.security.acls.voter.PentahoAllowAllAclVoter" scope="singleton" />
  <bean id="IPluginManager" class="org.pentaho.platform.plugin.services.pluginmgr.PluginManager" scope="singleton" />
  <bean id="IPluginProvider" class="org.pentaho.platform.plugin.services.pluginmgr.SystemPathXmlPluginProvider" scope="singleton" />
  <bean id="IPluginResourceLoader" class="org.pentaho.platform.plugin.services.pluginmgr.PluginResourceLoader" scope="singleton" />
  <bean id="systemStartupSession" class="org.pentaho.platform.engine.core.system.SystemStartupSession" scope="prototype" />
  <bean id="IDatasourceMgmtService" class="org.pentaho.webservices.test.TestDatasourceMgmtService" scope="prototype" />

  <bean id="ICwmSchemaFactory" class="org.pentaho.pms.factory.CwmSchemaFactory" scope="session"/>

</beans>