<assembly xmlns="http://maven.apache.org/plugins/maven-assembly-plugin/assembly/1.1.2"
          xmlns:xsi="http://www.w3.org/2001/XMLSchema-instance"
          xsi:schemaLocation="http://maven.apache.org/plugins/maven-assembly-plugin/assembly/1.1.2 http://maven.apache.org/xsd/assembly-1.1.2.xsd">
  <id>prd-ce</id>
  <formats>
    <format>zip</format>
  </formats>
  <baseDirectory>report-designer</baseDirectory>
  <fileSets>
    <fileSet>
      <directory>${stage.dir.designer}</directory>
      <outputDirectory>.</outputDirectory>
      <fileMode>0755</fileMode>
    </fileSet>
  </fileSets>
  <dependencySets>
    <dependencySet>
      <outputDirectory>.</outputDirectory>
      <includes>
        <include>pentaho:oss-licenses:zip</include>
      </includes>
      <unpack>true</unpack>
      <unpackOptions>
        <includes>
          <include>PentahoReporting_OSS_Licenses.html</include>
        </includes>
      </unpackOptions>
    </dependencySet>
  </dependencySets>
</assembly>