<?xml version="1.0" encoding="UTF-8"?>
<blueprint xmlns="http://www.osgi.org/xmlns/blueprint/v1.0.0" xmlns:xsi="http://www.w3.org/2001/XMLSchema-instance"
           xmlns:cm="http://aries.apache.org/blueprint/xmlns/blueprint-cm/v1.1.0"
           xmlns:cxf="http://cxf.apache.org/blueprint/core"
           xmlns:jaxrs="http://cxf.apache.org/blueprint/jaxrs" xmlns:jaxws="http://cxf.apache.org/blueprint/jaxws"
           xsi:schemaLocation="
  http://www.osgi.org/xmlns/blueprint/v1.0.0 http://www.osgi.org/xmlns/blueprint/v1.0.0/blueprint.xsd
  http://www.osgi.org/xmlns/blueprint-ext/v1.1.0 https://svn.apache.org/repos/asf/aries/tags/blueprint-0.3.1/blueprint-core/src/main/resources/org/apache/aries/blueprint/ext/blueprint-ext.xsd
  http://cxf.apache.org/blueprint/jaxws http://cxf.apache.org/schemas/blueprint/jaxws.xsd
  http://cxf.apache.org/blueprint/jaxrs http://cxf.apache.org/schemas/blueprint/jaxrs.xsd
  http://cxf.apache.org/blueprint/core http://cxf.apache.org/schemas/blueprint/core.xsd
  http://camel.apache.org/schema/blueprint http://camel.apache.org/schema/blueprint/camel-blueprint.xsd
  http://aries.apache.org/blueprint/xmlns/blueprint-cm/v1.1.0 http://aries.apache.org/schemas/blueprint-cm/blueprint-cm-1.1.0.xsd
  ">
    <bean id="mongodbInputDiscoverFieldsImpl" class="org.pentaho.mongo.wrapper.field.MongodbInputDiscoverFieldsImpl"/>

    <bean id="mongoDbInputDiscoverFieldsHolder"
          class="org.pentaho.di.trans.steps.mongodbinput.MongoDbInputDiscoverFieldsHolder" scope="singleton"/>

    <service id="mongodbInputDiscoverFieldsImplService" ref="mongodbInputDiscoverFieldsImpl"
             interface="org.pentaho.di.trans.steps.mongodbinput.MongoDbInputDiscoverFields"/>
    <reference-list interface="org.pentaho.di.trans.steps.mongodbinput.MongoDbInputDiscoverFields" availability="optional">
        <reference-listener ref="mongoDbInputDiscoverFieldsHolder" bind-method="implAdded" unbind-method="implRemoved"/>
    </reference-list>

    <bean id="inputMeta" class="org.pentaho.di.trans.steps.mongodbinput.MongoDbInputMeta" scope="prototype"/>
    <bean id="inputPlugin" class="org.pentaho.di.osgi.OSGIPlugin" scope="prototype">
        <property name="mainType" value="org.pentaho.di.trans.step.StepMetaInterface"/>
        <property name="name" value="MongoDB input"/>
        <property name="ID" value="MongoDbInput"/>
        <property name="imageFile" value="mongodb-input.svg"/>
        <property name="description" value="Reads from a Mongo DB collection"/>
        <property name="pluginTypeInterface" value="org.pentaho.di.core.plugins.StepPluginType"/>
        <property name="category" value="Big Data"/>
        <property name="classToBeanMap">
            <map>
                <entry key="org.pentaho.di.trans.step.StepMetaInterface" value="inputMeta"/>
            </map>
        </property>
    </bean>

    <!-- Register the plugin as a service so Kettle can find it -->
    <service id="mongoInputPluginService" interface="org.pentaho.di.core.plugins.PluginInterface" ref="inputPlugin">
        <service-properties>
            <entry key="PluginType" value="org.pentaho.di.core.plugins.StepPluginType"/>
        </service-properties>
    </service>

    <bean id="outputMeta" class="org.pentaho.di.trans.steps.mongodboutput.MongoDbOutputMeta" scope="prototype"/>
    <bean id="outputPlugin" class="org.pentaho.di.osgi.OSGIPlugin" scope="prototype">
        <property name="mainType" value="org.pentaho.di.trans.step.StepMetaInterface"/>
        <property name="name" value="MongoDB output"/>
        <property name="ID" value="MongoDbOutput"/>
        <property name="imageFile" value="MongoDB.svg"/>
        <property name="description" value="Writes to a Mongo DB collection"/>
        <property name="pluginTypeInterface" value="org.pentaho.di.core.plugins.StepPluginType"/>
        <property name="category" value="Big Data"/>
        <property name="classToBeanMap">
            <map>
                <entry key="org.pentaho.di.trans.step.StepMetaInterface" value="outputMeta"/>
            </map>
        </property>
    </bean>

    <!-- Register the plugin as a service so Kettle can find it -->
    <service id="mongoOutputPluginService" interface="org.pentaho.di.core.plugins.PluginInterface" ref="outputPlugin">
        <service-properties>
            <entry key="PluginType" value="org.pentaho.di.core.plugins.StepPluginType"/>
        </service-properties>
    </service>
</blueprint>