<assembly xmlns="http://maven.apache.org/plugins/maven-assembly-plugin/assembly/1.1.2"
          xmlns:xsi="http://www.w3.org/2001/XMLSchema-instance"
          xsi:schemaLocation="http://maven.apache.org/plugins/maven-assembly-plugin/assembly/1.1.2 http://maven.apache.org/xsd/assembly-1.1.2.xsd">
  <id>standalone</id>
  <formats>
    <format>zip</format>
  </formats>
  <baseDirectory>reporting</baseDirectory>
  <fileSets>
    <fileSet>
      <directory>${project.basedir}/src/main/resources/package-res</directory>
      <outputDirectory>.</outputDirectory>
    </fileSet>
    <fileSet>
      <directory>${project.build.directory}/dependency/reportviewer</directory>
      <outputDirectory>reportviewer</outputDirectory>
    </fileSet>
  </fileSets>
</assembly>