<assembly xmlns:xsi="http://www.w3.org/2001/XMLSchema-instance"
          xmlns="http://maven.apache.org/plugins/maven-assembly-plugin/assembly/1.1.3"
          xsi:schemaLocation="http://maven.apache.org/plugins/maven-assembly-plugin/assembly/1.1.3 http://maven.apache.org/xsd/assembly-1.1.3.xsd">

  <id>sources</id>

  <formats>
    <format>jar</format>
  </formats>

  <includeBaseDirectory>false</includeBaseDirectory>

  <dependencySets>

    <dependencySet>
      <includes>
        <include>org.pentaho:common-ui-impl-server:jar:sources</include>
      </includes>
      <useTransitiveDependencies>false</useTransitiveDependencies>
      <unpack>true</unpack>
      <useProjectArtifact>false</useProjectArtifact>
    </dependencySet>

  </dependencySets>

</assembly>
