<assembly xmlns="http://maven.apache.org/plugins/maven-assembly-plugin/assembly/1.1.3"
          xmlns:xsi="http://www.w3.org/2001/XMLSchema-instance"
          xsi:schemaLocation="http://maven.apache.org/plugins/maven-assembly-plugin/assembly/1.1.3 http://maven.apache.org/xsd/assembly-1.1.3.xsd">

  <id>common-ui-platform-plugin-assembly</id>

  <formats>
    <format>zip</format>
  </formats>

  <includeBaseDirectory>false</includeBaseDirectory>

  <fileSets>

    <fileSet>
      <directory>${basedir}/src/main/resources</directory>
      <outputDirectory>common-ui</outputDirectory>
      <excludes>
        <exclude>resources/web/*</exclude>
      </excludes>
    </fileSet>

    <fileSet>
      <directory>${basedir}/src/main/resources/resources/web</directory>
      <outputDirectory>common-ui/resources/web</outputDirectory>
      <filtered>true</filtered>
    </fileSet>

    <fileSet>
      <directory>${js.assembly.directory}/common-ui</directory>
      <outputDirectory>common-ui/resources/web</outputDirectory>
    </fileSet>

    <fileSet>
      <directory>${gwt-widgets.directory}/org/pentaho/gwt/widgets/themes/public</directory>
      <outputDirectory>common-ui/resources</outputDirectory>
    </fileSet>

    <fileSet>
      <directory>${gwt-widgets.directory}/formatter</directory>
      <outputDirectory>common-ui/resources/web/formatter</outputDirectory>
    </fileSet>

  </fileSets>

  <dependencySets>

    <dependencySet>
      <includes>
        <include>angular-translate:angular-translate</include>
      </includes>
      <useTransitiveDependencies>false</useTransitiveDependencies>
      <unpack>true</unpack>
      <unpackOptions>
        <includes>
          <include>angular*</include>
        </includes>
      </unpackOptions>
      <outputDirectory>common-ui/resources/web/angular-translate</outputDirectory>
      <useProjectArtifact>false</useProjectArtifact>
    </dependencySet>

    <!-- Server side dependencies -->
    <dependencySet>
      <excludes>
        <exclude>org.pentaho:common-ui-impl-server:jar:sources</exclude>
      </excludes>
      <includes>
        <include>org.pentaho:common-ui-impl-server:jar</include>
        <include>net.sf.flexjson:flexjson</include>
        <include>pentaho:pentaho-modeler</include>
      </includes>
      <outputDirectory>common-ui/lib</outputDirectory>
      <useTransitiveDependencies>false</useTransitiveDependencies>
      <useProjectArtifact>false</useProjectArtifact>
    </dependencySet>

  </dependencySets>

</assembly>
