<?xml version="1.0" encoding="UTF-8"?>
<component xmlns:xsi="http://www.w3.org/2001/XMLSchema-instance"
          xmlns="http://maven.apache.org/plugins/maven-assembly-plugin/assembly/1.1.3"
          xsi:schemaLocation="http://maven.apache.org/plugins/maven-assembly-plugin/assembly/1.1.3 http://maven.apache.org/xsd/assembly-1.1.3.xsd">

  <fileSets>

    <fileSet>
      <directory>${basedir}/src/main/resources/resources/web</directory>
      <outputDirectory>common-ui</outputDirectory>
      <filtered>true</filtered>
    </fileSet>

    <!-- Fetch all the common-ui js first to make sure included dependencies are overwritten when needed. -->
    <fileSet>
      <directory>${common-ui-impl-client.directory}/web</directory>
      <outputDirectory>common-ui</outputDirectory>
    </fileSet>

    <fileSet>
      <directory>${webjars.target.directory}/jquery/${jquery.version}/dist</directory>
      <outputDirectory>common-ui/jquery</outputDirectory>
    </fileSet>
    <fileSet>
      <directory>${webjars.target.directory}/jquery/${jquery.version}</directory>
      <includes><include>LICENSE*</include></includes>
      <outputDirectory>common-ui/jquery</outputDirectory>
    </fileSet>

    <fileSet>
      <directory>${webjars.target.directory}/angular/${angular.version}</directory>
      <outputDirectory>common-ui/angular</outputDirectory>
      <includes>
        <include>angular*</include>
        <include>LICENSE*</include>
      </includes>
      <excludes>
        <exclude>*.gzip</exclude>
      </excludes>
    </fileSet>
    <fileSet>
      <directory>${webjars.target.directory}/angular-animate/${angular.version}</directory>
      <outputDirectory>common-ui/angular</outputDirectory>
      <includes>
        <include>angular*</include>
        <include>LICENSE*</include>
      </includes>
    </fileSet>
    <fileSet>
      <directory>${webjars.target.directory}/angular-aria/${angular.version}</directory>
      <outputDirectory>common-ui/angular</outputDirectory>
      <includes>
        <include>angular*</include>
        <include>LICENSE*</include>
      </includes>
    </fileSet>
    <fileSet>
      <directory>${webjars.target.directory}/angular-cookies/${angular.version}</directory>
      <outputDirectory>common-ui/angular</outputDirectory>
      <includes>
        <include>angular*</include>
        <include>LICENSE*</include>
      </includes>
    </fileSet>
    <fileSet>
      <directory>${webjars.target.directory}/angular-loader/${angular.version}</directory>
      <outputDirectory>common-ui/angular</outputDirectory>
      <includes>
        <include>angular*</include>
        <include>LICENSE*</include>
      </includes>
    </fileSet>
    <fileSet>
      <directory>${webjars.target.directory}/angular-message-format/${angular.version}</directory>
      <outputDirectory>common-ui/angular</outputDirectory>
      <includes>
        <include>angular*</include>
        <include>LICENSE*</include>
      </includes>
    </fileSet>
    <fileSet>
      <directory>${webjars.target.directory}/angular-messages/${angular.version}</directory>
      <outputDirectory>common-ui/angular</outputDirectory>
      <includes>
        <include>angular*</include>
        <include>LICENSE*</include>
      </includes>
    </fileSet>
    <fileSet>
      <directory>${webjars.target.directory}/angular-parse-ext/${angular.version}</directory>
      <outputDirectory>common-ui/angular</outputDirectory>
      <includes>
        <include>angular*</include>
        <include>LICENSE*</include>
      </includes>
    </fileSet>
    <fileSet>
      <directory>${webjars.target.directory}/angular-resource/${angular.version}</directory>
      <outputDirectory>common-ui/angular</outputDirectory>
      <includes>
        <include>angular*</include>
        <include>LICENSE*</include>
      </includes>
    </fileSet>
    <fileSet>
      <directory>${webjars.target.directory}/angular-route/${angular.version}</directory>
      <outputDirectory>common-ui/angular</outputDirectory>
      <includes>
        <include>angular*</include>
        <include>LICENSE*</include>
      </includes>
    </fileSet>
    <fileSet>
      <directory>${webjars.target.directory}/angular-sanitize/${angular.version}</directory>
      <outputDirectory>common-ui/angular</outputDirectory>
      <includes>
        <include>angular*</include>
        <include>LICENSE*</include>
      </includes>
    </fileSet>
    <fileSet>
      <directory>${webjars.target.directory}/angular-scenario/${angular.version}</directory>
      <outputDirectory>common-ui/angular</outputDirectory>
      <includes>
        <include>angular*</include>
        <include>LICENSE*</include>
      </includes>
    </fileSet>
    <fileSet>
      <directory>${webjars.target.directory}/angular-touch/${angular.version}</directory>
      <outputDirectory>common-ui/angular</outputDirectory>
      <includes>
        <include>angular*</include>
        <include>LICENSE*</include>
      </includes>
    </fileSet>
    <fileSet>
      <directory>${webjars.target.directory}/angular-i18n/${angular.version}</directory>
      <outputDirectory>common-ui/angular/i18n</outputDirectory>
      <includes>
        <include>angular*</include>
      </includes>
    </fileSet>

    <fileSet>
      <directory>${webjars.target.directory}/dojo/${dojo.version}</directory>
      <outputDirectory>common-ui/dojo/dojo</outputDirectory>
      <excludes>
        <exclude>tests/**</exclude>
      </excludes>
    </fileSet>
    <fileSet>
      <directory>${webjars.target.directory}/dijit/${dojo.version}</directory>
      <outputDirectory>common-ui/dojo/dijit</outputDirectory>
      <excludes>
        <exclude>tests/**</exclude>
      </excludes>
    </fileSet>
    <fileSet>
      <directory>${prepared.assembly.directory}/dojox/dojo-release-${dojo.version}-src/dojox</directory>
      <outputDirectory>common-ui/dojo/dojox</outputDirectory>
      <excludes>
        <exclude>*/tests/**</exclude>
        <exclude>*/*/tests/**</exclude>
        <exclude>.gitmodules</exclude>
      </excludes>
    </fileSet>

  </fileSets>

  <files>

    <file>
      <source>
        ${webjars.target.directory}/jquery-i18n-properties/${jquery-i18n-properties.version}/jquery.i18n.properties-min.js
      </source>
      <outputDirectory>common-ui/jquery</outputDirectory>
    </file>

    <!-- Removed due to custom changes in the current common-ui version -->
    <!-- (mainly the exporting of the Handlebars global variable) -->
    <!--<file>-->
    <!--<source>${webjars.target.directory}/handlebars/${handlebars.version}/dist/handlebars.js</source>-->
    <!--<destName>handlebars-v4.0.5.js</destName>-->
    <!--<outputDirectory>common-ui/handlebars</outputDirectory>-->
    <!--</file>-->

  </files>

  <dependencySets>

    <dependencySet>
      <includes>
        <include>angular-translate:angular-translate</include>
      </includes>
      <useTransitiveDependencies>false</useTransitiveDependencies>
      <unpack>true</unpack>
      <unpackOptions>
        <includes>
          <include>angular*</include>
        </includes>
      </unpackOptions>
      <outputDirectory>common-ui/angular-translate</outputDirectory>
      <useProjectArtifact>false</useProjectArtifact>
    </dependencySet>

  </dependencySets>

</component>
