<?xml version="1.0" encoding="UTF-8"?>
<blueprint xmlns:xsi="http://www.w3.org/2001/XMLSchema-instance"
           xmlns:cm="http://aries.apache.org/blueprint/xmlns/blueprint-cm/v1.1.0"
           xmlns="http://www.osgi.org/xmlns/blueprint/v1.0.0"
           xsi:schemaLocation="http://www.osgi.org/xmlns/blueprint/v1.0.0
            http://www.osgi.org/xmlns/blueprint/v1.0.0/blueprint.xsd
            http://aries.apache.org/blueprint/xmlns/blueprint-cm/v1.1.0
            http://aries.apache.org/schemas/blueprint-cm/blueprint-cm-1.1.0.xsd">

  <cm:property-placeholder persistent-id="org.pentaho.requirejs" update-strategy="reload">
    <cm:default-properties>
      <cm:property name="context.root" value="/"/>
    </cm:default-properties>
  </cm:property-placeholder>

  <bean id="configManager" class="org.pentaho.js.require.RequireJsConfigManager" scope="singleton" init-method="init"
        destroy-method="destroy">
    <property name="bundleContext" ref="blueprintBundleContext"/>
  </bean>

  <service interface="javax.servlet.http.HttpServlet">
    <service-properties>
      <entry key="alias" value="/requirejs-manager/js/require-init.js"/>
    </service-properties>

    <bean class="org.pentaho.js.require.RequireJsConfigServlet">
      <property name="contextRoot" value="${context.root}"/>
      <property name="manager" ref="configManager"/>
    </bean>
  </service>
</blueprint>
