<?xml version="1.0" encoding="UTF-8"?>
<blueprint xmlns="http://www.osgi.org/xmlns/blueprint/v1.0.0"
           xmlns:xsi="http://www.w3.org/2001/XMLSchema-instance"
           xmlns:pen="http://www.pentaho.com/xml/schemas/pentaho-blueprint"
           xsi:schemaLocation="
            http://www.osgi.org/xmlns/blueprint/v1.0.0 http://www.osgi.org/xmlns/blueprint/v1.0.0/blueprint.xsd
            http://www.pentaho.com/xml/schemas/pentaho-blueprint http://www.pentaho.com/xml/schemas/pentaho-blueprint.xsd">
    <bean id="KettleDatabaseType" class="org.pentaho.di.trans.dataservice.client.DataServiceClientPlugin" scope="prototype">
        <pen:di-plugin type="org.pentaho.di.core.plugins.DatabasePluginType" />
    </bean>

    <reference id="dataServiceClientService"  interface="org.pentaho.di.trans.dataservice.client.api.IDataServiceClientService" availability="optional">
        <reference-listener ref="dataServiceLocalClientBinder" bind-method="bind" unbind-method="unbind" />
        <reference-listener ref="spoonDataServiceLocalClientConfigurer" bind-method="bind" unbind-method="unbind" />
    </reference>

    <bean id="dataServiceLocalClientBinder" class="org.pentaho.di.trans.dataservice.client.DataServiceLocalClientBinder" />

    <bean id="spoonDataServiceLocalClientConfigurer" class="org.pentaho.di.trans.dataservice.client.SpoonDataServiceLocalClientConfigurer">
        <pen:di-plugin type="org.pentaho.di.core.plugins.LifecyclePluginType" />
    </bean>

</blueprint>
