<?xml version="1.0" encoding="UTF-8"?>
<blueprint xmlns:xsi="http://www.w3.org/2001/XMLSchema-instance" xmlns="http://www.osgi.org/xmlns/blueprint/v1.0.0"
           xsi:schemaLocation="http://www.osgi.org/xmlns/blueprint/v1.0.0 http://www.osgi.org/xmlns/blueprint/v1.0.0/blueprint.xsd">
           
    <bean id="repositoryMetastoreProvider" class="org.pentaho.osgi.metastore.locator.impl.repository.RepositoryMetastoreProvider" scope="singleton">
        <argument ref="kettleRepositoryLocator"/>
    </bean>
    <service ref="repositoryMetastoreProvider" interface="org.pentaho.osgi.metastore.locator.api.MetastoreProvider">
	    <service-properties>
	       <entry key="serviceMapKey" value="RepositoryMetastoreProvider"/>
	   </service-properties>
    </service>
    <reference id="kettleRepositoryLocator" interface="org.pentaho.osgi.kettle.repository.locator.api.KettleRepositoryLocator"/>
    
</blueprint>