<Schema name="products_38GA">
  <Dimension name="BUYPRICE">
    <Hierarchy hasAll="true">
    <View alias="FACT">
        <SQL dialect="generic">
         <![CDATA[select * from products]]>
        </SQL>
    </View>
      <Level name="BUYPRICE" uniqueMembers="false" column="BUYPRICE" type="Numeric">
      </Level>
    </Hierarchy>
  </Dimension>
  <Dimension name="MSRP">
    <Hierarchy hasAll="true">
    <View alias="FACT">
        <SQL dialect="generic">
         <![CDATA[select * from products]]>
        </SQL>
    </View>
      <Level name="MSRP" uniqueMembers="false" column="MSRP" type="Numeric">
      </Level>
    </Hierarchy>
  </Dimension>
  <Dimension name="PRODUCTCODE">
    <Hierarchy hasAll="true">
    <View alias="FACT">
        <SQL dialect="generic">
         <![CDATA[select * from products]]>
        </SQL>
    </View>
      <Level name="PRODUCTCODE" uniqueMembers="false" column="PRODUCTCODE" type="String">
      </Level>
    </Hierarchy>
  </Dimension>
  <Dimension name="PRODUCTDESCRIPTION">
    <Hierarchy hasAll="true">
    <View alias="FACT">
        <SQL dialect="generic">
         <![CDATA[select * from products]]>
        </SQL>
    </View>
      <Level name="PRODUCTDESCRIPTION" uniqueMembers="false" column="PRODUCTDESCRIPTION" type="String">
      </Level>
    </Hierarchy>
  </Dimension>
  <Dimension name="PRODUCTLINE">
    <Hierarchy hasAll="true">
    <View alias="FACT">
        <SQL dialect="generic">
         <![CDATA[select * from products]]>
        </SQL>
    </View>
      <Level name="PRODUCTLINE" uniqueMembers="false" column="PRODUCTLINE" type="String">
      </Level>
    </Hierarchy>
  </Dimension>
  <Dimension name="PRODUCTNAME">
    <Hierarchy hasAll="true">
    <View alias="FACT">
        <SQL dialect="generic">
         <![CDATA[select * from products]]>
        </SQL>
    </View>
      <Level name="PRODUCTNAME" uniqueMembers="false" column="PRODUCTNAME" type="String">
      </Level>
    </Hierarchy>
  </Dimension>
  <Dimension name="PRODUCTSCALE">
    <Hierarchy hasAll="true">
    <View alias="FACT">
        <SQL dialect="generic">
         <![CDATA[select * from products]]>
        </SQL>
    </View>
      <Level name="PRODUCTSCALE" uniqueMembers="false" column="PRODUCTSCALE" type="String">
      </Level>
    </Hierarchy>
  </Dimension>
  <Dimension name="PRODUCTVENDOR">
    <Hierarchy hasAll="true">
    <View alias="FACT">
        <SQL dialect="generic">
         <![CDATA[select * from products]]>
        </SQL>
    </View>
      <Level name="PRODUCTVENDOR" uniqueMembers="false" column="PRODUCTVENDOR" type="String">
      </Level>
    </Hierarchy>
  </Dimension>
  <Dimension name="QUANTITYINSTOCK">
    <Hierarchy hasAll="true">
    <View alias="FACT">
        <SQL dialect="generic">
         <![CDATA[select * from products]]>
        </SQL>
    </View>
      <Level name="QUANTITYINSTOCK" uniqueMembers="false" column="QUANTITYINSTOCK" type="Numeric">
      </Level>
    </Hierarchy>
  </Dimension>
  <Cube name="products_38GA">
    <View alias="FACT">
        <SQL dialect="generic">
         <![CDATA[select * from products]]>
        </SQL>
    </View>
    <DimensionUsage name="BUYPRICE" source="BUYPRICE"/>
    <DimensionUsage name="MSRP" source="MSRP"/>
    <DimensionUsage name="PRODUCTCODE" source="PRODUCTCODE"/>
    <DimensionUsage name="PRODUCTDESCRIPTION" source="PRODUCTDESCRIPTION"/>
    <DimensionUsage name="PRODUCTLINE" source="PRODUCTLINE"/>
    <DimensionUsage name="PRODUCTNAME" source="PRODUCTNAME"/>
    <DimensionUsage name="PRODUCTSCALE" source="PRODUCTSCALE"/>
    <DimensionUsage name="PRODUCTVENDOR" source="PRODUCTVENDOR"/>
    <DimensionUsage name="QUANTITYINSTOCK" source="QUANTITYINSTOCK"/>
    <Measure name="bc_BUYPRICE" column="BUYPRICE" aggregator="sum"/>
    <Measure name="bc_MSRP" column="MSRP" aggregator="sum" formatString="&#x23;"/>
    <Measure name="bc_QUANTITYINSTOCK" column="QUANTITYINSTOCK" aggregator="sum" formatString="&#x23;"/>
    <CalculatedMember name="Test Calc Name" caption="TEST_CAPTION" description="TEST DESCRIPTION"
                      dimension="Measures" formula="[Measures][TestMeasure]*2" visible="true" formatString="&#x23;" >
        <Annotations>
            <Annotation name="formatScale">2</Annotation>
            <Annotation name="formatCategory">Default</Annotation>
            <Annotation name="inline">true</Annotation>
            <Annotation name="formulaExpression">[Measures].[Sales]*2</Annotation>
            <Annotation name="calcSubtotals">true</Annotation>
        </Annotations>
        <CalculatedMemberProperty name="SOLVE_ORDER" value="0"/>
    </CalculatedMember>
    <CalculatedMember name="Test Calc Without Member Properties" caption="TEST_CAPTION" description="TEST DESCRIPTION"
                      dimension="Measures" formula="[Measures][TestMeasure]*2" visible="true" formatString="&#x23;" >
      <Annotations>
        <Annotation name="formatScale">2</Annotation>
        <Annotation name="formatCategory">Default</Annotation>
        <Annotation name="inline">true</Annotation>
        <Annotation name="formulaExpression">[Measures].[Sales]*2</Annotation>
        <Annotation name="calcSubtotals">true</Annotation>
      </Annotations>
    </CalculatedMember>
    <CalculatedMember name="Test Calc Without Annotations" caption="TEST_CAPTION" description="TEST DESCRIPTION"
                      dimension="Measures" formula="[Measures][TestMeasure]*2" visible="true" formatString="&#x23;" >
    </CalculatedMember>
  </Cube>
</Schema>
