<?xml version="1.0" encoding="UTF-8"?>
<blueprint xmlns="http://www.osgi.org/xmlns/blueprint/v1.0.0" xmlns:xsi="http://www.w3.org/2001/XMLSchema-instance"
           xmlns:cm="http://aries.apache.org/blueprint/xmlns/blueprint-cm/v1.1.0"
           xmlns:cxf="http://cxf.apache.org/blueprint/core"
           xmlns:jaxrs="http://cxf.apache.org/blueprint/jaxrs"
           xsi:schemaLocation="http://www.osgi.org/xmlns/blueprint/v1.0.0 http://www.osgi.org/xmlns/blueprint/v1.0.0/blueprint.xsd


  http://cxf.apache.org/blueprint/jaxrs http://cxf.apache.org/schemas/blueprint/jaxrs.xsd
  http://cxf.apache.org/blueprint/core http://cxf.apache.org/schemas/blueprint/core.xsd

  http://aries.apache.org/blueprint/xmlns/blueprint-cm/v1.1.0 http://aries.apache.org/schemas/blueprint-cm/blueprint-cm-1.1.0.xsd">
  <cm:property-placeholder persistent-id="org.pentaho.osgi.notification.webservice"
                           update-strategy="reload">
  </cm:property-placeholder>

  <cxf:bus bus="notificationServiceBus">
    <cxf:properties>
      <entry key="org.apache.cxf.transport.http.async.usePolicy" value="ALWAYS"/>
    </cxf:properties>
  </cxf:bus>

  <jaxrs:server address="/notificationService" id="notificationService" bus="notificationServiceBus">
    <jaxrs:serviceBeans>
      <ref component-id="notificationServiceImpl"/>
    </jaxrs:serviceBeans>
    <jaxrs:providers>
      <bean class="org.codehaus.jackson.jaxrs.JacksonJaxbJsonProvider"/>
    </jaxrs:providers>
  </jaxrs:server>

  <bean id="notificationServiceImpl" class="org.pentaho.osgi.notification.webservice.NotificationService">
    <property name="notificationAggregator" ref="notificationAggregatorRef"/>
  </bean>

  <bean id="resourceMapping"
        class="org.ops4j.pax.web.extender.whiteboard.runtime.DefaultResourceMapping">
    <property name="alias" value="/notifier"/>
    <property name="path" value="/js"/>
  </bean>

  <service id="resources" ref="resourceMapping" interface="org.ops4j.pax.web.extender.whiteboard.ResourceMapping"/>
  <reference id="notificationAggregatorRef" interface="org.pentaho.osgi.notification.api.NotificationAggregator"/>
  <reference-list id="executorServiceRefList" interface="java.util.concurrent.ExecutorService" availability="optional">
    <reference-listener ref="notificationServiceImpl" bind-method="setExecutorService"/>
  </reference-list>
  <reference-list interface="org.pentaho.osgi.notification.webservice.NotificationTypeObjectMapper"
                  availability="optional">
    <reference-listener ref="notificationServiceImpl" bind-method="addNotificationTypeObjectMapper"
                        unbind-method="removeNotificationTypeObjectMapper"/>
  </reference-list>
</blueprint>