<?xml version="1.0" encoding="UTF-8"?>
<!--
  ~ This program is free software; you can redistribute it and/or modify it under the
  ~ terms of the GNU Lesser General Public License, version 2.1 as published by the Free Software
  ~ Foundation.
  ~
  ~ You should have received a copy of the GNU Lesser General Public License along with this
  ~ program; if not, you can obtain a copy at http://www.gnu.org/licenses/old-licenses/lgpl-2.1.html
  ~ or from the Free Software Foundation, Inc.,
  ~ 51 Franklin Street, Fifth Floor, Boston, MA 02110-1301 USA.
  ~
  ~ This program is distributed in the hope that it will be useful, but WITHOUT ANY WARRANTY;
  ~ without even the implied warranty of MERCHANTABILITY or FITNESS FOR A PARTICULAR PURPOSE.
  ~ See the GNU Lesser General Public License for more details.
  ~
  ~ Copyright 2017 Hitachi Vantara. All rights reserved.
  -->

<blueprint xmlns:xsi="http://www.w3.org/2001/XMLSchema-instance" xmlns="http://www.osgi.org/xmlns/blueprint/v1.0.0"
           xsi:schemaLocation="http://www.osgi.org/xmlns/blueprint/v1.0.0 http://www.osgi.org/xmlns/blueprint/v1.0.0/blueprint.xsd">

  <bean id="resourceMappingSrc"
        class="org.ops4j.pax.web.extender.whiteboard.runtime.DefaultResourceMapping">
    <property name="alias" value="/{src_alias}"/>
    <property name="path" value="/{src_path}"/>
  </bean>

  <service id="resourcesSrc" ref="resourceMappingSrc"
           interface="org.ops4j.pax.web.extender.whiteboard.ResourceMapping"/>

  <bean id="resourceMappingDist" class="org.ops4j.pax.web.extender.whiteboard.runtime.DefaultResourceMapping">
    <property name="alias" value="/{dist_alias}"/>
    <property name="path" value="/{dist_path}"/>
  </bean>

  <service id="resourcesDist" ref="resourceMappingDist"
           interface="org.ops4j.pax.web.extender.whiteboard.ResourceMapping"/>
</blueprint>
