<assembly xmlns="http://maven.apache.org/plugins/maven-assembly-plugin/assembly/1.1.3"
          xmlns:xsi="http://www.w3.org/2001/XMLSchema-instance"
          xsi:schemaLocation="http://maven.apache.org/plugins/maven-assembly-plugin/assembly/1.1.3 http://maven.apache.org/xsd/assembly-1.1.3.xsd">
  <id>pentaho-pdi-platform-plugin</id>
  <formats>
    <format>zip</format>
  </formats>
  <baseDirectory>pentaho-pdi-platform-plugin</baseDirectory>
  <files>
    <file>
      <source>${project.basedir}/src/main/resources/version.xml</source>
      <outputDirectory>.</outputDirectory>
      <filtered>true</filtered>
    </file>
  </files>
  <fileSets>
    <fileSet>
      <directory>${project.basedir}/src/main/resources</directory>
      <outputDirectory>.</outputDirectory>
    </fileSet>
  </fileSets>
  <dependencySets>
    <dependencySet>
      <outputDirectory>lib</outputDirectory>
      <useProjectArtifact>false</useProjectArtifact>
      <includes>
        <include>pentaho:DIS:jar</include>
      </includes>
    </dependencySet>
  </dependencySets>
</assembly>