<?xml version="1.0" encoding="UTF-8"?>
<blueprint xmlns="http://www.osgi.org/xmlns/blueprint/v1.0.0"
           xmlns:xsi="http://www.w3.org/2001/XMLSchema-instance"
           xmlns:pen="http://www.pentaho.com/xml/schemas/pentaho-blueprint"
           xsi:schemaLocation="
            http://www.osgi.org/xmlns/blueprint/v1.0.0 http://www.osgi.org/xmlns/blueprint/v1.0.0/blueprint.xsd
            http://www.pentaho.com/xml/schemas/pentaho-blueprint http://www.pentaho.com/xml/schemas/pentaho-blueprint.xsd">

    <bean id="dataServicePainter" scope="singleton"
          class="org.pentaho.di.trans.dataservice.TransPainterStepExtensionPointPlugin">
        <argument ref="context"/>
        <pen:di-plugin type="org.pentaho.di.core.extension.ExtensionPointPluginType"/>
    </bean>

    <bean id="stepValidation" scope="singleton" class="org.pentaho.di.trans.dataservice.validation.StepValidationExtensionPointPlugin" >
        <argument ref="context"/>
        <property name="stepValidations" ref="stepValidations"/>
        <pen:di-plugin type="org.pentaho.di.core.extension.ExtensionPointPluginType"/>
    </bean>

    <bean id="listDataServlet" class="org.pentaho.di.trans.dataservice.www.ListDataServicesServlet" scope="singleton">
        <argument ref="dataServiceClient"/>
        <pen:di-plugin type="org.pentaho.di.core.plugins.CartePluginType"/>
    </bean>

    <bean id="publishRepoServlet" class="org.pentaho.di.trans.dataservice.www.RepositoryPublishServlet" scope="singleton">
        <argument ref="blueprintBundleContext" />
        <pen:di-plugin type="org.pentaho.di.core.plugins.CartePluginType"/>
    </bean>

    <bean id="dataServlet" class="org.pentaho.di.trans.dataservice.www.TransDataServlet" scope="singleton">
        <argument ref="dataServiceClient"/>
        <pen:di-plugin type="org.pentaho.di.core.plugins.CartePluginType"/>
    </bean>

    <bean id="dataServiceStepPlugin" scope="singleton" class="org.pentaho.di.trans.dataservice.ui.menu.DataServiceStepPlugin">
        <argument ref="context"/>
        <pen:di-plugin type="org.pentaho.di.ui.spoon.SpoonPluginType"/>
    </bean>

    <bean id="dataServiceViewTree" scope="singleton" class="org.pentaho.di.trans.dataservice.ui.menu.DataServiceViewTreeExtension">
        <argument ref="context"/>
        <pen:di-plugin type="org.pentaho.di.core.extension.ExtensionPointPluginType"/>
    </bean>

    <bean id="dataServicePopupMenu" scope="singleton" class="org.pentaho.di.trans.dataservice.ui.menu.DataServicePopupMenuExtension">
        <argument ref="context"/>
        <pen:di-plugin type="org.pentaho.di.core.extension.ExtensionPointPluginType"/>
    </bean>

    <bean id="dataServiceTreeDelegate" scope="singleton" class="org.pentaho.di.trans.dataservice.ui.menu.DataServiceTreeDelegateExtension">
        <argument ref="context"/>
        <pen:di-plugin type="org.pentaho.di.core.extension.ExtensionPointPluginType"/>
    </bean>

    <bean id="dataServiceStepMenu" scope="singleton" class="org.pentaho.di.trans.dataservice.ui.menu.DataServiceStepMenuExtension">
        <argument ref="context"/>
        <pen:di-plugin type="org.pentaho.di.core.extension.ExtensionPointPluginType"/>
    </bean>

    <bean id="deleteRepositoryObject" scope="singleton" class="org.pentaho.di.trans.dataservice.DeleteRepositoryObjectExtensionPointPlugin">
        <argument ref="context"/>
        <pen:di-plugin type="org.pentaho.di.core.extension.ExtensionPointPluginType"/>
    </bean>

    <bean id="transOpened" scope="singleton" class="org.pentaho.di.trans.dataservice.serialization.TransOpenedExtensionPointPlugin">
        <argument ref="context"/>
        <pen:di-plugin type="org.pentaho.di.core.extension.ExtensionPointPluginType"/>
    </bean>

    <bean id="dataServiceStepDelete" scope="singleton"
          class="org.pentaho.di.trans.dataservice.ui.DataServiceStepDeleteExtensionPointPlugin">
        <argument ref="context"/>
        <pen:di-plugin type="org.pentaho.di.core.extension.ExtensionPointPluginType"/>
    </bean>

    <bean id="transImportExtensionPoint" scope="singleton"
          class="org.pentaho.di.trans.dataservice.serialization.TransImportExtensionPointPlugin">
        <argument ref="referenceSynchronizer"/>
        <pen:di-plugin type="org.pentaho.di.core.extension.ExtensionPointPluginType"/>
    </bean>
</blueprint>
