<chartbeans-config>
  <!-- Configure the behavior of Hitachi Vantara Chartbeans -->


  <!-- 
    Set the default chart rendering engine.
    This is the engine that is used if neither the ChartModel nor the ActionSequence
    specify an engine to use.
   -->
  <!-- <default-chart-engine>JFreeChart</default-chart-engine> -->
  <default-chart-engine>OpenFlashChart</default-chart-engine>
  <max-data-points-per-chart>100</max-data-points-per-chart>
  
  <!-- 
    These are the default implementations for the plugins supported by the platform.
    To add an entirely new plugin, define a new id and class. To override an existing 
    plugin, declare the same bean id with a new class in a plugin.xml file in an external
    plugin. 
   -->
	<beanConfig>   
		<bean id="FlashChartEngine" class="org.pentaho.chart.plugin.openflashchart.OpenFlashChartPlugin"/>  
		<bean id="JFreeChartEngine" class="org.pentaho.chart.plugin.jfreechart.JFreeChartPlugin"/>
	</beanConfig> 
  
</chartbeans-config>