<assembly xmlns="http://maven.apache.org/plugins/maven-assembly-plugin/assembly/1.1.3"
          xmlns:xsi="http://www.w3.org/2001/XMLSchema-instance"
          xsi:schemaLocation="http://maven.apache.org/plugins/maven-assembly-plugin/assembly/1.1.3 http://maven.apache.org/xsd/assembly-1.1.3.xsd">

  <id>pentaho-data-zip</id>
  <formats>
    <format>zip</format>
  </formats>

  <includeBaseDirectory>false</includeBaseDirectory>

  <fileSets>
    <fileSet>
      <directory>${basedir}/src/main/resources</directory>
      <outputDirectory>.</outputDirectory>
    </fileSet>
  </fileSets>

  <dependencySets>
    <dependencySet>
      <includes>
        <include>org.hsqldb:hsqldb</include>
      </includes>
      <outputDirectory>data/lib</outputDirectory>
      <useTransitiveDependencies>false</useTransitiveDependencies>
      <useProjectArtifact>false</useProjectArtifact>
    </dependencySet>
  </dependencySets>

</assembly>