<?xml version="1.0" encoding="ISO-8859-1"?><OrderList businessUnitId="EU10" plantId="EU11" source="XY" timestamp="19700101"><OrderHeaders><OrderHeader customerNumber="1000" orderDate="19700101" orderNumber="4711" orderType="AN" originator="G"><OrderLines><OrderLine orderLineNumber="1" principal="XY" productNumber="500000" productText="red" quantity="10" uom="KG"><OrderSubLines><OrderSubLine batch="B61" expiryDate="19700101" orderSubLineNumber="1" quantity="10"/></OrderSubLines><OrderLineComments><OrderLineComments Text="double lines, line1" lineNumber="1"/><OrderLineComments Text="double lines, line2" lineNumber="2"/></OrderLineComments></OrderLine><OrderLine orderLineNumber="2" principal="XY" productNumber="500001" productText="blue" quantity="5" uom="KG"><OrderSubLines><OrderSubLine batch="B71" expiryDate="19700101" orderSubLineNumber="1" quantity="5"/></OrderSubLines><OrderLineComments/></OrderLine></OrderLines><OrderHeaderComments><OrderHeaderComment lineNumber="1" text="double lines, line1"/></OrderHeaderComments></OrderHeader><OrderHeader customerNumber="1001" orderDate="19700101" orderNumber="4712" orderType="AN" originator="G"><OrderLines><OrderLine orderLineNumber="1" principal="XY" productNumber="500000" productText="red" quantity="100" uom="KG"><OrderSubLines><OrderSubLine batch="B80" expiryDate="19700101" orderSubLineNumber="1" quantity="70"/><OrderSubLine batch="B81" expiryDate="19700101" orderSubLineNumber="2" quantity="30"/></OrderSubLines><OrderLineComments><OrderLineComments Text="one comment line" lineNumber="1"/></OrderLineComments></OrderLine><OrderLine orderLineNumber="2" principal="XY" productNumber="500001" productText="blue" quantity="200" uom="KG"><OrderSubLines><OrderSubLine batch="B90" expiryDate="19700101" orderSubLineNumber="1" quantity="200"/></OrderSubLines><OrderLineComments/></OrderLine></OrderLines><OrderHeaderComments><OrderHeaderComment lineNumber="2" text="double lines, line2"/><OrderHeaderComment lineNumber="1" text="a comment with special characters: &#65533;&#65533;&#65533;&#65533;&#65533;&#65533;&#65533;&lt;&gt;!"/></OrderHeaderComments></OrderHeader></OrderHeaders></OrderList>
