<?xml version="1.0" encoding="UTF-8"?>
<!-- 
This is a Spring file that defines how Pentaho system objects are created and managed.  
An implementation of IPentahoObjectFactory, such as SpringWebPentahoObjectFactory, is 
responsible for serving objects to callers based on this file.

default-lazy-init is set to true since some of these object make calls into 
PentahoSystem which is initialized after Spring
 -->
<beans xmlns="http://www.springframework.org/schema/beans" xmlns:xsi="http://www.w3.org/2001/XMLSchema-instance"
  xsi:schemaLocation="http://www.springframework.org/schema/beans http://www.springframework.org/schema/beans/spring-beans-2.0.xsd"
  default-lazy-init="true">
  
  <bean id="ISolutionEngine" class="org.pentaho.platform.engine.services.solution.SolutionEngine" scope="prototype" />
  <bean id="IVersionHelper" class="org.pentaho.platform.util.VersionHelper" scope="singleton" />
  <bean id="systemStartupSession" class="org.pentaho.platform.engine.security.session.TrustedSystemStartupSession" scope="prototype" />
  
  <bean id="ISolutionRepository" class="org.pentaho.platform.repository.solution.filebased.FileBasedSolutionRepository" scope="session" />

  <bean id="IMetadataDomainRepository" class="org.pentaho.platform.plugin.services.metadata.MetadataDomainRepository" scope="singleton"/>
    
    <!-- Data connections.  Connections objects should be accessed through PentahoConnectionFactory, 
       not directly from the PentahoObjectFactory. -->
  <bean id="connection-SQL" class="org.pentaho.platform.plugin.services.connections.sql.SQLConnection" scope="prototype" />
  <bean id="connection-MDX" class="org.pentaho.platform.plugin.services.connections.mondrian.MDXConnection" scope="prototype" />
  <bean id="connection-XML" class="org.pentaho.platform.plugin.services.connections.xquery.XQConnection" scope="prototype" />
  <bean id="connection-HQL" class="org.pentaho.platform.plugin.services.connections.hql.HQLConnection" scope="prototype" />
  
  <bean id="PentahoNameGenerator" class="org.pentaho.reporting.platform.plugin.repository.TempDirectoryNameGenerator" scope="prototype" />
  
  <bean id="IMondrianCatalogService" class="org.pentaho.platform.plugin.action.mondrian.catalog.MondrianCatalogHelper" scope="singleton" />
  
    <!--
    IDatasourceService - options are: 
    org.pentaho.platform.engine.services.connection.datasource.dbcp.JndiDatasourceService
    org.pentaho.platform.engine.services.connection.datasource.dbcp.NonPooledOrJndiDatasourceService
    org.pentaho.platform.engine.services.connection.datasource.dbcp.PooledDatasourceService
    org.pentaho.platform.engine.services.connection.datasource.dbcp.NonPooledDatasourceService
    org.pentaho.platform.engine.services.connection.datasource.dbcp.PooledOrJndiDatasourceService  (Default option)
  -->
  <bean id="IDatasourceService" class="org.pentaho.platform.engine.services.connection.datasource.dbcp.JndiDatasourceService" scope="singleton" />
  <bean id="IAuditEntry" class="org.pentaho.platform.engine.core.audit.AuditFileEntry" scope="singleton" />
  <bean id="IAclVoter" class="org.pentaho.platform.engine.security.acls.voter.PentahoAllowAllAclVoter" scope="singleton" />
  <bean id="IPluginManager" class="org.pentaho.platform.plugin.services.pluginmgr.PluginManager" scope="singleton" />
  <bean id="IPluginProvider" class="org.pentaho.platform.plugin.services.pluginmgr.SystemPathXmlPluginProvider" scope="singleton" />
  <bean id="IPluginResourceLoader" class="org.pentaho.platform.plugin.services.pluginmgr.PluginResourceLoader" scope="singleton" />
  <bean id="IDatasourceMgmtService" class="org.pentaho.webservices.test.TestDatasourceMgmtService" scope="prototype" />

  <bean id="ICwmSchemaFactory" class="org.pentaho.pms.factory.CwmSchemaFactory" scope="session"/>

</beans>