<assembly xmlns="http://maven.apache.org/ASSEMBLY/2.0.0" xmlns:xsi="http://www.w3.org/2001/XMLSchema-instance"
          xsi:schemaLocation="http://maven.apache.org/ASSEMBLY/2.0.0 http://maven.apache.org/xsd/assembly-2.0.0.xsd">
  <id>samples</id>
  <formats>
    <format>zip</format>
  </formats>
  <includeBaseDirectory>true</includeBaseDirectory>
  <baseDirectory>samples</baseDirectory>
  <fileSets>
    <fileSet>
      <directory>${project.basedir}/src/main/resources</directory>
      <outputDirectory>.</outputDirectory>
    </fileSet>
    <fileSet>
      <directory>${assembly.dir}</directory>
      <outputDirectory>.</outputDirectory>
    </fileSet>
  </fileSets>
</assembly>