<pentaho-plugin>
  <action-definition id="pentahoReportAction">org.pentaho.actionsequence.dom.actions.PentahoReportAction</action-definition>
  <action-definition id="legacyPentahoReportAction">org.pentaho.actionsequence.dom.actions.JFreeReportAction</action-definition>
  <action-definition id="jasperReportAction">org.pentaho.actionsequence.dom.actions.JasperReportAction</action-definition>
  <action-definition id="birtReportAction">org.pentaho.actionsequence.dom.actions.BirtReportAction</action-definition>
  <action-definition id="barChartAction">org.pentaho.actionsequence.dom.actions.BarChartAction</action-definition>
  <action-definition id="pieChartAction">org.pentaho.actionsequence.dom.actions.PieChartAction</action-definition>
  <action-definition id="lineChartAction">org.pentaho.actionsequence.dom.actions.LineChartAction</action-definition>
  <action-definition id="areaChartAction">org.pentaho.actionsequence.dom.actions.AreaChartAction</action-definition>
  <action-definition id="relationalQueryAction">org.pentaho.actionsequence.dom.actions.SqlQueryAction</action-definition>
  <action-definition id="sqlDataAction">org.pentaho.actionsequence.dom.actions.SqlDataAction</action-definition>
  <action-definition id="sqlCommandsAction">org.pentaho.actionsequence.dom.actions.SqlExecuteAction</action-definition>
  <action-definition id="olapQueryAction">org.pentaho.actionsequence.dom.actions.MdxQueryAction</action-definition>
  <action-definition id="hqlQueryAction">org.pentaho.actionsequence.dom.actions.HQLQueryAction</action-definition>
  <action-definition id="xpathQueryAction">org.pentaho.actionsequence.dom.actions.XQueryAction</action-definition>
  <action-definition id="xpathQueryConnectionAction">org.pentaho.actionsequence.dom.actions.XQueryConnectionAction</action-definition>
  <action-definition id="resultSetComparisonAction">org.pentaho.actionsequence.dom.actions.ResultSetCompareAction</action-definition>
  <action-definition id="listScheduledJobsAction">org.pentaho.actionsequence.dom.actions.ListSchedJobsAction</action-definition>
  <action-definition id="resumeSchedulerAction">org.pentaho.actionsequence.dom.actions.ResumeSchedulerAction</action-definition>
  <action-definition id="schedulerStatusAction">org.pentaho.actionsequence.dom.actions.SchedulerStatusAction</action-definition>
  <action-definition id="suspendSchedulerAction">org.pentaho.actionsequence.dom.actions.SuspendSchedulerAction</action-definition>
  <action-definition id="suspendJobAction">org.pentaho.actionsequence.dom.actions.SuspendScheduledJobAction</action-definition>
  <action-definition id="resumeJobAction">org.pentaho.actionsequence.dom.actions.ResumeScheduledJobAction</action-definition>
  <action-definition id="addJobAction">org.pentaho.actionsequence.dom.actions.StartScheduledJobAction</action-definition>
  <action-definition id="deleteJobAction">org.pentaho.actionsequence.dom.actions.DeleteScheduledJobAction</action-definition>
  <action-definition id="dataIntegrationAction">org.pentaho.actionsequence.dom.actions.KettleTransformAction</action-definition>
  <action-definition id="dataIntegrationJobAction">org.pentaho.actionsequence.dom.actions.KettleJobAction</action-definition>
  <action-definition id="formatMsgAction">org.pentaho.actionsequence.dom.actions.FormatMsgAction</action-definition>
  <action-definition id="copyParamAction">org.pentaho.actionsequence.dom.actions.CopyParamAction</action-definition>
  <action-definition id="contentOutputAction">org.pentaho.actionsequence.dom.actions.ContentOutputAction</action-definition>
  <action-definition id="printParamAction">org.pentaho.actionsequence.dom.actions.PrintParamAction</action-definition>
  <action-definition id="printMapValsAction">org.pentaho.actionsequence.dom.actions.PrintMapValsAction</action-definition>
  <action-definition id="helloWorldAction">org.pentaho.actionsequence.dom.actions.HelloWorldAction</action-definition>
  <action-definition id="mqlQueryAction">org.pentaho.actionsequence.dom.actions.MQLAction</action-definition>
  <action-definition id="biProcessFromJMSQueueAction">org.pentaho.actionsequence.dom.actions.JMSAction</action-definition>
  <action-definition id="proPentahoReportAction">org.pentaho.actionsequence.dom.actions.JFreeReportGenAction</action-definition>
  <action-definition id="emailAction">org.pentaho.actionsequence.dom.actions.EmailAction</action-definition>
  <action-definition id="javaScriptAction">org.pentaho.actionsequence.dom.actions.JavascriptAction</action-definition>
  <action-definition id="printerAction">org.pentaho.actionsequence.dom.actions.PrinterAction</action-definition>
  <action-definition id="sharkWorkflowAction">org.pentaho.actionsequence.dom.actions.SharkWorkflowAction</action-definition>
  <action-definition id="tracePointAction">org.pentaho.actionsequence.dom.actions.ReceiptAuditAction</action-definition>
  <action-definition id="msgTemplateAction">org.pentaho.actionsequence.dom.actions.TemplateMsgAction</action-definition>
  <action-definition id="secureFilterAction">org.pentaho.actionsequence.dom.actions.SecureFilterAction</action-definition>
  <action-definition id="biProcessAction">org.pentaho.actionsequence.dom.actions.SubActionAction</action-definition>
  <action-definition id="relationalConnectionAction">org.pentaho.actionsequence.dom.actions.SqlConnectionAction</action-definition>
  <action-definition id="olapConnectionAction">org.pentaho.actionsequence.dom.actions.MdxConnectionAction</action-definition>
  <action-definition id="hqlConnectionAction">org.pentaho.actionsequence.dom.actions.HQLConnectionAction</action-definition>
</pentaho-plugin>
