<?xml version="1.0" encoding="UTF-8"?>
<blueprint xmlns="http://www.osgi.org/xmlns/blueprint/v1.0.0" xmlns:xsi="http://www.w3.org/2001/XMLSchema-instance"
           xmlns:cm="http://aries.apache.org/blueprint/xmlns/blueprint-cm/v1.1.0" xmlns:cxf="http://cxf.apache.org/blueprint/core"
           xmlns:jaxrs="http://cxf.apache.org/blueprint/jaxrs" xmlns:jaxws="http://cxf.apache.org/blueprint/jaxws"
           xsi:schemaLocation="
  http://www.osgi.org/xmlns/blueprint/v1.0.0 http://www.osgi.org/xmlns/blueprint/v1.0.0/blueprint.xsd
  http://www.osgi.org/xmlns/blueprint-ext/v1.1.0 https://svn.apache.org/repos/asf/aries/tags/blueprint-0.3.1/blueprint-core/src/main/resources/org/apache/aries/blueprint/ext/blueprint-ext.xsd
  http://cxf.apache.org/blueprint/jaxws http://cxf.apache.org/schemas/blueprint/jaxws.xsd
  http://cxf.apache.org/blueprint/jaxrs http://cxf.apache.org/schemas/blueprint/jaxrs.xsd
  http://cxf.apache.org/blueprint/core http://cxf.apache.org/schemas/blueprint/core.xsd
  http://camel.apache.org/schema/blueprint http://camel.apache.org/schema/blueprint/camel-blueprint.xsd
  http://aries.apache.org/blueprint/xmlns/blueprint-cm/v1.1.0 http://aries.apache.org/schemas/blueprint-cm/blueprint-cm-1.1.0.xsd
  ">
    <cm:property-placeholder persistent-id="org.pentaho.osgi.i18n.webservice"
                             update-strategy="reload">
    </cm:property-placeholder>

    <cxf:bus id="i18nWebServiceBus">
    </cxf:bus>

    <jaxrs:server address="/i18n" id="localizationService">
        <jaxrs:serviceBeans>
            <ref component-id="localizationServiceImpl" />
        </jaxrs:serviceBeans>
        <jaxrs:providers>
          <bean id="resourceBundleMessageBodyWriter" class="org.pentaho.osgi.i18n.webservice.ResourceBundleMessageBodyWriter"/>
        </jaxrs:providers>
    </jaxrs:server>

    <bean id="localizationServiceImpl" class="org.pentaho.osgi.i18n.webservice.LocalizationWebservice">
        <property name="localizationService" ref="delegateRef"/>
    </bean>

    <reference id="delegateRef" interface="org.pentaho.osgi.i18n.LocalizationService"/>

    <service id="PentahoI18n"
             interface="org.ops4j.pax.web.extender.whiteboard.ResourceMapping">
        <bean class="org.ops4j.pax.web.extender.whiteboard.runtime.DefaultResourceMapping">
            <property name="alias" value="/${project.artifactId}/${project.version}"/>
            <property name="path" value="/web-pentaho-i18n-webservice"/>
        </bean>
    </service>
</blueprint>