<?xml version="1.0" encoding="UTF-8"?>
<module>

      <!-- Inherit the core Web Toolkit stuff.                        -->
      <inherits name='com.google.gwt.user.User'/>
	  <inherits name="com.google.gwt.xml.XML"/>
	  <inherits name="com.google.gwt.json.JSON" />
      <!-- required for date picker control -->
      <inherits name='com.google.gwt.widgetideas.WidgetIdeas'/>
      <inherits name='com.google.gwt.widgetideas.ScrollTable'/>

      <inherits name='com.allen_sauer.gwt.dnd.gwt-dnd'/>
      <inherits name="org.adamtacy.GWTEffects"/>

      <!-- Inherit the default GWT style sheet.  You can change       -->
      <!-- the theme of your GWT application by uncommenting          -->
      <!-- any one of the following lines.                            -->
      <!-- inherits name='com.google.gwt.user.theme.standard.Standard'/> -->
      <!-- <inherits name="com.google.gwt.user.theme.chrome.Chrome"/> -->
      <!-- <inherits name="com.google.gwt.user.theme.dark.Dark"/>     -->

      <!-- Other module inherits                                      -->

      <!-- Specify the application specific style sheet.              -->
      <!-- Specify the app entry point class.                   -->
	  <entry-point class='org.pentaho.gwt.widgets.client.WidgetModule'/>
    <entry-point class='org.pentaho.gwt.widgets.client.filechooser.FileChooserEntryPoint'/>

    <public path="public"/>
    <public path="client/filechooser/public"/>
      
</module>
