<chart xmlns="http://reporting.pentaho.org/namespaces/charting/1.0">

  <stylesheet>
    .bar1 {
    color: black;
    -x-pentaho-chart-gradient: blue, red points 1,10 2,20;
    -x-pentaho-chart-series-type: bar;
    -x-pentaho-chart-bar-style: stacked;
    -x-pentaho-chart-bar-max-width: 10%;
    }

    .bar2 {
    color: blue;
    -x-pentaho-chart-gradient: black, blue points 1,10 2,20;
    -x-pentaho-chart-series-type: bar;
    -x-pentaho-chart-bar-style: stacked;
    -x-pentaho-chart-bar-max-width: 10%;
    }

    .bar3 {
    color: green;
    -x-pentaho-chart-series-type: bar;
    -x-pentaho-chart-bar-style: stacked;
    -x-pentaho-chart-bar-max-width: 10%;
    }
  </stylesheet>

  <title>Stacked Bars</title>
  
  <series name="budget" class="bar1" column-pos="2"/>

  <series name="sales" class="bar2" column-name="sales"/>

  <series name="forecast" class="bar3" column-pos="0"/>

  <plot style="-x-pentaho-chart-orientation: vertical"/>
</chart>