<chart xmlns="http://reporting.pentaho.org/namespaces/charting/1.0">

  <stylesheet>
    .bar1 {
    color: blue;
    font-family: sans-serif;
    font-variant: small-caps;
    font-size: 8pt;
    font-style: italic;
    -x-pentaho-chart-item-label-text: '{0,number,$##.##}';
    -x-pentaho-chart-item-label-visible: visible;
    -x-pentaho-chart-gradient: red, white center-horizontal 1,10 2,20;
    -x-pentaho-chart-series-type: bar;
    -x-pentaho-chart-bar-style: bar;
    -x-pentaho-chart-bar-max-width: 10%;
    }

    .bar2 {
    color: orange;
    font-family: cursive;
    font-size: 16pt;    
    font-variant: normal;
    font-style: normal;
    -x-pentaho-chart-item-label-text: '{0,number,Euro ##.##}';
    -x-pentaho-chart-item-label-visible: visible;
    -x-pentaho-chart-gradient: red, white center-horizontal 1,10 2,20;
    -x-pentaho-chart-series-type: bar;
    -x-pentaho-chart-bar-style: bar;
    -x-pentaho-chart-bar-max-width: 10%;
    }

    .bar3 {
    color: green;
    font-size: 12pt;
    font-style: normal;    
    font-variant: small-caps;
    -x-pentaho-chart-item-label-text: '{0,number,$##.##} {1}';
    -x-pentaho-chart-item-label-visible: visible;
    -x-pentaho-chart-gradient: red, white center-horizontal 1,10 2,20;		    
    -x-pentaho-chart-series-type: bar;
    -x-pentaho-chart-bar-style: bar;
    -x-pentaho-chart-bar-max-width: 10%;
    }
  </stylesheet>

  <title>Label on bars, formatting, scale#2</title>
  
  <series name="budget" class="bar1" column-pos="2"/>

  <series name="sales" class="bar2" column-name="sales"/>

  <series name="forecast" class="bar3" column-pos="0"/>

  <plot style="-x-pentaho-chart-orientation: horizontal; -x-pentaho-chart-scale: 0.10;"/>
</chart>