{
  "tags": {
    "allowUnknownTags": true
  },
  "source": {
    "include": [
      "${project.basedir}/src/main/doc-js/pentaho",
      "${build.javascriptSourceDirectory}/web/pentaho",
      "${build.javascriptSourceDirectory}/web/pentaho/VizApiReadme.md"
    ],
    "exclude": [
      "${build.javascriptSourceDirectory}/web/pentaho/shim",
      "${build.javascriptSourceDirectory}/web/pentaho/visual/samples"
    ],
    "includePattern": ".+\\.js(doc)?$"
  },
  "plugins": [
    "plugins/markdown",
    "${basedir}/src/doc/javascript/config/customPlugins/defineTags",
    "${basedir}/src/doc/javascript/config/customPlugins/eventHandlers"
  ],
  "templates": {
    "cleverLinks": true,
    "monospaceLinks": false
  },
  "opts": {
    "template": "${docjs.config.template.directory}/vizApi",
    "encoding": "utf8",
    "outputSourceFiles": false,
    "recurse": true,
    "verbose": false,

    "githubConfig": {
      "name": "common-ui",
      "url": "https://github.com/pentaho/pentaho-platform-plugin-common-ui/",
      "company": "pentaho",
      "branch": "${docjs.config.github.branch}"
    },

    "layoutFile": "layout.tmpl"
  }
}
