<assembly xmlns="http://maven.apache.org/plugins/maven-assembly-plugin/assembly/1.1.3"
          xmlns:xsi="http://www.w3.org/2001/XMLSchema-instance"
          xsi:schemaLocation="http://maven.apache.org/plugins/maven-assembly-plugin/assembly/1.1.3 http://maven.apache.org/xsd/assembly-1.1.3.xsd">

  <id>assembly</id>

  <formats>
    <format>zip</format>
  </formats>

  <includeBaseDirectory>false</includeBaseDirectory>

  <files>
    <file>
      <source>${pentaho-server.directory}/META-INF/MANIFEST.MF</source>
      <outputDirectory>.</outputDirectory>
    </file>
  </files>

  <fileSets>
    <fileSet>
      <outputDirectory>.</outputDirectory>
      <directory>${pentaho-server.directory}/licenses</directory>
      <includes>
        <include>*.html</include>
      </includes>
    </fileSet>
  </fileSets>

  <dependencySets>
    <dependencySet>
      <outputDirectory>.</outputDirectory>
      <useTransitiveDependencies>false</useTransitiveDependencies>
      <useProjectArtifact>false</useProjectArtifact>
      <includes>
        <include>pentaho:pentaho-data:zip</include>
      </includes>
      <outputFileNameMapping>pentaho-data.${artifact.extension}</outputFileNameMapping>
    </dependencySet>
    <dependencySet>
      <outputDirectory>.</outputDirectory>
      <useTransitiveDependencies>false</useTransitiveDependencies>
      <useProjectArtifact>false</useProjectArtifact>
      <includes>
        <include>pentaho:pentaho-solutions:zip</include>
      </includes>
      <outputFileNameMapping>pentaho-solutions.${artifact.extension}</outputFileNameMapping>
    </dependencySet>
    <dependencySet>
      <outputDirectory>.</outputDirectory>
      <useTransitiveDependencies>false</useTransitiveDependencies>
      <useProjectArtifact>false</useProjectArtifact>
      <includes>
        <include>pentaho:pentaho-style:war</include>
      </includes>
      <outputFileNameMapping>pentaho-style.${artifact.extension}</outputFileNameMapping>
    </dependencySet>
    <dependencySet>
      <outputDirectory>.</outputDirectory>
      <useTransitiveDependencies>false</useTransitiveDependencies>
      <useProjectArtifact>false</useProjectArtifact>
      <includes>
        <include>pentaho:pentaho-war:war</include>
      </includes>
      <outputFileNameMapping>pentaho.${artifact.extension}</outputFileNameMapping>
    </dependencySet>

  </dependencySets>

</assembly>