<launch4jConfig>
  <dontWrapJar>true</dontWrapJar>
  <headerType>gui</headerType>
  <jar>launcher.jar</jar>
  <outfile>C:\code\reporting\latest\tools\report-designer-assembly\resource\ReportDesigner.exe</outfile>
  <errTitle>Pentaho Report Designer - Error</errTitle>
  <cmdLine></cmdLine>
  <chdir></chdir>
  <priority>normal</priority>
  <downloadUrl>http://java.com/download</downloadUrl>
  <supportUrl>http://reporting.pentaho.com</supportUrl>
  <customProcName>false</customProcName>
  <stayAlive>false</stayAlive>
  <manifest></manifest>
  <icon></icon>
  <jre>
    <path></path>
    <minVersion>1.5.0</minVersion>
    <maxVersion></maxVersion>
    <jdkPreference>preferJre</jdkPreference>
    <initialHeapSize>512</initialHeapSize>
    <maxHeapSize>512</maxHeapSize>
    <opt>-XX:MaxPermSize=256m</opt>
  </jre>
</launch4jConfig>